FSscore,KHscore,PPHHSIZE,PPINCIMP,SAVINGSRANGES,agecat,PPEDUC,EMPLOY,FWBscore
44,1.267,1,7,6,8,4,8,55
43,-0.57,2,6,2,3,2,2,51
42,-0.188,3,6,4,3,3,2,49
57,0.242,2,7,5,2,4,2,67
54,1.267,5,7,4,3,4,4,51
35,-0.909,3,4,1,2,1,7,47
58,-0.188,4,7,5,3,1,4,43
42,-0.57,3,8,7,4,2,2,58
66,-0.188,5,6,6,1,3,5,78
57,0.242,2,8,7,6,4,8,62
49,-0.909,4,3,4,1,3,5,50
30,-0.57,3,9,1,2,4,3,40
71,0.712,3,9,7,2,5,2,61
48,-1.215,5,2,5,2,1,2,69
32,-0.909,5,1,2,1,2,7,37
40,-1.215,2,3,3,1,3,2,52
50,0.712,2,9,7,7,5,8,69
38,-0.188,2,8,5,3,3,2,40
41,-1.215,5,6,6,4,4,2,51
54,1.267,1,8,6,6,5,8,61
49,1.267,2,4,3,2,3,2,37
68,0.712,5,7,6,8,4,1,64
51,1.267,1,8,7,8,2,8,80
50,-0.188,2,7,6,4,3,2,63
61,0.242,2,6,5,5,2,2,52
48,0.242,2,6,6,8,2,4,62
35,-0.188,4,2,1,3,2,1,33
42,0.242,2,7,4,2,3,2,45
37,-1.215,4,3,1,2,2,3,33
51,-0.57,5,1,4,1,3,5,54
50,0.242,3,6,1,3,2,1,56
43,-0.909,2,2,2,5,3,2,38
57,0.712,2,9,7,6,3,8,77
76,0.242,5,8,5,4,5,2,57
61,0.242,2,9,6,6,3,8,71
70,1.267,2,3,7,1,5,1,76
60,0.712,2,7,7,6,3,8,52
39,-1.215,4,3,5,2,4,2,51
61,-0.188,2,5,4,4,4,6,30
60,0.712,1,2,4,6,3,1,34
43,0.712,3,6,4,4,3,2,47
27,-1.215,5,3,2,2,4,2,37
64,0.712,2,8,6,5,2,2,71
49,-0.909,3,6,5,2,3,2,47
55,1.267,5,9,3,4,5,2,43
53,0.242,1,5,5,7,5,8,59
56,-0.188,5,7,7,3,5,2,61
64,0.712,2,9,5,5,5,2,69
58,1.267,3,9,5,4,4,1,70
45,-0.57,4,7,4,2,2,2,42
53,-0.188,2,7,6,6,3,8,73
55,0.712,5,9,7,6,5,3,62
56,0.712,1,6,6,3,4,2,52
61,0.712,4,8,7,3,5,2,63
51,-1.215,3,9,4,4,3,2,50
49,-0.188,2,6,7,8,5,8,56
43,-1.713,2,5,5,5,2,3,50
44,-0.57,2,6,6,6,2,2,59
41,0.712,2,9,5,6,2,8,50
37,-0.57,3,5,7,6,3,6,50
44,0.242,4,8,6,3,5,2,56
61,-0.57,3,8,5,3,3,2,59
64,1.267,2,9,6,6,5,8,81
47,0.712,4,9,6,2,4,2,43
55,-0.57,2,3,2,2,1,2,31
48,0.242,2,9,4,4,4,2,52
60,0.242,2,9,7,8,4,8,83
67,1.267,4,8,6,3,4,2,70
57,0.712,2,7,7,7,4,8,72
55,0.242,1,9,5,5,5,1,55
58,-0.188,3,6,4,2,4,2,59
51,0.712,2,8,7,6,5,3,67
79,-1.713,5,1,2,3,2,6,26
42,-0.57,2,8,5,8,2,8,55
77,1.267,2,9,5,8,5,8,86
46,0.712,2,8,5,6,4,2,78
59,0.242,3,9,7,3,4,3,66
56,0.242,4,9,7,2,5,2,62
64,0.712,2,3,7,7,2,8,72
41,0.242,3,9,5,4,5,2,50
62,0.712,2,8,6,6,4,8,67
48,-0.188,3,8,6,3,5,1,61
39,0.242,2,4,1,4,3,2,16
47,0.712,1,5,6,6,3,8,66
44,0.712,2,9,5,6,5,2,57
67,0.712,2,6,5,5,5,2,58
82,0.712,1,1,3,6,3,8,64
52,0.712,5,9,5,4,5,2,63
49,0.242,2,7,5,5,3,2,55
46,-1.215,2,7,6,4,2,2,66
40,-0.909,5,2,1,6,1,6,38
56,1.267,4,8,5,2,5,2,70
25,-0.57,4,7,1,2,2,3,38
51,0.242,2,6,6,7,3,8,64
49,-0.188,1,8,4,2,5,2,55
57,-0.188,2,8,5,7,3,8,70
70,-1.215,4,9,5,1,3,2,62
44,0.712,4,8,4,5,2,3,52
47,0.712,1,3,5,8,2,8,60
66,1.267,3,9,5,4,5,2,53
69,1.267,3,9,4,2,5,2,70
41,-0.57,3,1,2,1,3,7,41
70,-0.57,2,1,2,4,3,2,59
60,-0.188,2,7,6,8,5,8,60
80,0.712,2,8,5,1,4,2,75
49,0.242,3,7,5,6,2,6,57
52,-0.188,2,6,5,7,2,8,60
58,1.267,3,8,5,4,5,2,62
54,0.242,1,3,7,7,5,8,64
68,-0.188,2,6,3,7,3,8,19
66,-0.188,3,2,6,2,4,5,68
39,-0.57,2,3,4,8,1,8,48
56,-0.188,2,6,6,2,4,2,59
42,-1.485,4,7,4,1,2,3,49
33,0.712,2,6,3,4,3,2,44
85,-1.9,4,3,3,3,2,4,77
56,1.267,2,4,5,7,4,8,63
58,1.267,2,8,5,4,5,1,52
67,0.242,1,7,6,5,4,8,79
53,1.267,2,8,5,8,5,8,59
82,1.267,2,9,5,2,4,2,79
50,0.712,1,6,5,6,4,8,54
42,-0.909,1,4,5,8,2,8,57
45,-1.485,2,1,3,1,2,5,47
76,1.267,2,7,7,7,5,8,84
38,0.242,2,2,2,6,2,8,26
46,-0.188,1,2,4,8,1,8,78
16,-0.909,4,8,1,3,3,2,39
45,0.242,2,7,4,1,4,2,48
63,-0.188,3,8,4,3,5,2,59
49,0.242,2,3,4,7,3,8,49
46,-0.188,4,8,4,4,2,2,53
47,-0.188,4,8,6,3,5,2,47
44,1.267,2,6,6,8,2,8,62
41,0.242,4,5,2,6,3,8,43
79,-0.188,2,6,4,1,3,2,56
34,-0.188,1,1,3,7,2,8,45
85,1.267,1,7,5,7,5,8,63
42,-0.188,3,6,6,4,2,4,44
56,-0.57,2,7,4,6,5,8,54
10,-1.215,1,1,1,2,2,3,14
64,0.242,1,2,7,6,2,8,75
29,-0.57,4,8,1,5,2,2,30
60,0.712,1,9,7,3,5,2,70
50,-0.909,3,3,4,5,3,2,38
49,-1.485,2,1,1,4,2,7,42
43,0.242,1,2,4,5,3,1,51
62,1.267,2,8,7,8,4,8,69
69,0.712,3,8,3,4,3,2,45
41,0.712,1,8,3,7,5,8,43
30,-1.485,1,1,1,5,2,6,38
49,1.267,2,7,5,8,1,8,63
43,0.712,3,5,4,5,3,2,55
59,0.242,2,4,5,8,2,4,58
40,0.242,1,1,3,5,3,6,43
42,-1.485,3,2,1,3,2,2,49
69,-0.57,1,6,3,3,2,2,60
46,0.712,2,5,6,8,3,8,62
48,-0.909,1,2,7,8,2,8,60
46,-1.215,1,7,2,2,5,2,55
52,-0.188,5,3,1,2,3,2,30
71,1.267,3,9,7,2,5,7,47
37,0.242,1,1,2,1,1,4,23
57,-0.57,2,3,4,8,1,8,54
85,1.267,4,9,5,3,5,2,86
31,0.242,1,1,4,1,3,5,40
39,-0.188,4,3,6,4,3,2,41
38,-0.57,1,7,5,7,2,8,49
49,0.242,2,8,5,7,5,8,66
59,0.712,3,9,6,5,5,2,77
50,1.267,2,6,6,7,3,8,60
65,0.242,2,4,6,7,2,8,65
43,-0.57,3,4,3,5,2,6,37
52,0.242,3,8,4,4,3,2,62
60,0.242,4,8,2,4,2,1,50
60,0.242,1,9,7,5,5,4,73
35,-0.188,1,2,5,1,4,2,51
31,-0.188,2,7,4,4,3,3,45
85,-0.188,3,8,7,2,2,2,86
56,-1.215,5,2,3,2,2,7,47
65,0.712,5,7,2,2,4,2,49
58,0.242,2,8,6,4,2,2,65
28,-0.57,2,4,1,4,2,2,40
45,-0.57,2,3,7,5,2,3,61
38,0.712,2,9,5,2,3,2,48
46,0.712,2,8,6,5,5,2,62
60,-0.57,2,3,7,8,2,8,74
49,-0.57,2,4,3,7,3,8,26
62,0.242,5,6,5,3,2,4,58
56,-0.188,2,8,4,2,5,2,60
61,0.712,3,5,2,5,3,1,34
39,-1.713,2,9,4,1,3,3,43
41,0.242,1,2,4,2,4,2,31
59,1.267,2,5,5,2,2,2,61
43,-0.909,3,9,4,1,3,5,51
43,0.242,2,6,6,8,5,8,65
47,0.712,2,2,4,1,3,2,62
39,0.242,1,5,4,5,4,2,43
44,0.712,4,6,4,4,3,3,56
47,-0.909,2,7,5,2,4,3,60
57,0.242,3,7,3,2,3,2,49
42,-0.909,1,6,4,2,3,2,51
64,-0.188,2,6,5,1,3,2,68
38,-0.909,2,4,1,4,2,6,33
62,0.242,1,7,5,1,4,2,58
43,1.267,4,9,5,4,4,2,57
43,-0.909,4,2,3,3,4,4,49
44,0.712,5,9,4,4,4,2,46
42,-0.188,5,9,4,1,3,5,49
56,-0.188,2,8,6,4,2,4,72
59,0.242,2,9,4,5,5,1,59
66,1.267,3,9,5,4,5,1,68
71,1.267,4,9,6,3,4,1,63
50,0.712,2,7,5,7,4,8,53
71,0.712,2,9,7,4,3,2,65
85,0.242,3,8,6,2,4,2,78
63,0.712,2,4,5,3,3,5,63
54,-0.188,1,1,5,8,3,8,49
47,-0.57,2,3,1,2,2,2,45
57,0.712,2,9,7,7,5,1,67
76,-0.188,2,8,6,2,5,2,70
28,0.242,4,8,3,4,3,2,31
60,0.712,4,2,6,2,5,1,51
54,0.242,2,7,5,3,3,2,61
55,0.242,2,8,5,2,4,2,60
41,-0.188,1,7,7,2,5,2,49
56,-0.57,2,7,6,6,3,8,74
46,0.242,2,5,1,1,3,7,32
51,-1.215,1,1,1,4,1,1,38
73,-1.215,5,2,3,3,3,2,60
42,-0.909,4,7,4,2,2,2,44
48,-0.57,4,2,3,2,3,4,51
53,0.712,1,4,5,3,3,2,50
40,-0.57,2,3,6,8,2,8,52
56,0.712,2,9,6,8,5,8,86
48,1.267,3,5,7,6,5,8,75
45,0.712,1,7,3,2,5,2,66
51,1.267,2,7,6,7,3,8,72
43,0.712,1,6,3,5,2,1,56
69,0.242,1,6,6,7,4,2,72
50,-0.188,1,8,3,1,3,2,42
66,-1.713,1,4,3,4,3,2,57
54,-0.57,3,8,2,4,3,2,40
42,0.242,5,8,6,3,3,1,49
51,1.267,3,9,7,3,4,2,62
75,1.267,1,8,7,5,5,8,78
55,0.712,2,6,7,6,4,8,85
55,-0.57,2,6,5,6,3,8,62
52,-0.57,3,4,4,2,3,4,23
57,1.267,4,9,7,4,5,2,69
59,-0.909,3,4,4,3,3,2,58
63,-1.9,1,2,1,2,3,4,26
46,0.242,2,8,6,2,5,2,63
52,-0.57,4,8,3,3,3,1,57
45,-0.188,4,2,4,5,4,2,61
28,-1.215,3,2,1,2,1,4,25
29,-0.57,3,2,3,7,1,8,54
32,-0.57,3,1,4,6,1,4,51
39,-1.713,2,7,3,4,3,7,42
49,0.242,2,8,4,3,5,2,58
55,-1.215,1,1,1,2,3,4,36
74,0.242,2,8,7,8,5,3,68
47,-1.485,3,1,1,2,3,7,52
29,-0.188,3,3,4,3,3,2,51
85,-0.188,2,1,1,5,4,8,86
64,1.267,2,7,6,2,4,4,72
42,-0.909,3,3,2,1,3,5,41
56,0.712,1,8,7,2,4,2,61
46,1.267,2,5,5,6,2,8,48
82,1.267,2,9,5,2,4,2,66
30,0.242,4,1,1,2,3,5,59
47,1.267,2,9,7,4,5,1,52
40,-1.215,5,3,3,2,3,4,43
56,-0.188,2,8,5,2,5,2,74
42,0.712,4,7,3,3,4,2,51
43,-0.188,3,8,6,2,4,2,45
45,-0.188,2,5,3,6,2,8,44
79,-0.188,2,9,7,4,4,2,59
54,1.267,5,8,3,3,5,2,52
49,1.267,3,7,5,6,3,1,59
30,-0.909,4,9,4,4,3,2,42
59,0.242,1,8,5,2,4,2,58
58,0.242,5,3,3,3,1,4,61
58,0.712,2,7,5,6,4,1,64
54,0.712,2,9,7,7,4,8,77
65,-1.215,2,2,4,2,3,5,40
55,-0.188,5,5,5,2,2,4,46
65,-0.188,2,6,6,2,5,2,66
53,-0.909,3,3,3,2,2,2,52
71,1.267,2,6,5,2,5,5,86
82,0.712,5,6,5,4,4,1,54
65,0.712,2,8,6,2,2,2,69
69,1.267,2,7,7,7,5,8,78
50,1.267,2,9,5,6,3,2,53
47,1.267,2,6,5,3,5,1,44
54,-0.188,3,7,6,4,2,2,70
55,-1.215,1,9,7,5,3,8,70
85,1.267,2,8,6,2,4,1,86
56,-0.188,2,7,5,6,4,1,51
58,-0.188,4,9,7,1,3,5,77
52,0.712,2,8,5,6,4,2,67
56,-0.57,3,9,1,2,5,2,39
70,-0.909,5,3,4,3,2,4,72
54,1.267,3,9,4,2,4,2,68
78,0.712,2,7,6,5,3,2,72
85,-0.57,2,8,5,4,3,2,74
67,0.242,2,7,6,2,4,2,55
34,-0.909,2,5,3,5,2,4,44
48,-0.57,2,6,2,2,3,5,34
59,-0.188,1,7,1,3,5,2,52
55,0.242,2,5,4,2,3,3,56
64,-1.215,5,1,1,2,2,4,49
43,-0.909,1,3,3,2,4,2,56
42,-0.188,1,2,5,7,5,3,57
56,-0.188,3,7,7,4,3,6,61
45,-0.909,1,5,2,2,3,2,47
63,1.267,2,9,7,4,3,2,61
23,-0.909,1,1,1,6,2,8,51
67,-0.188,2,3,6,6,2,8,71
5,0.242,3,1,1,1,2,7,14
35,0.712,3,3,4,4,2,4,58
55,1.267,2,8,7,8,5,8,95
60,0.242,2,8,4,5,5,1,65
36,-1.485,2,5,3,1,3,5,49
51,-1.215,3,5,3,3,3,2,46
38,0.712,2,5,5,5,3,2,53
56,0.242,2,9,4,6,2,2,63
85,0.712,1,9,7,5,5,1,86
52,0.712,2,5,6,7,3,8,61
46,1.267,2,6,7,7,2,7,69
63,0.712,2,6,5,4,2,2,84
35,-0.57,2,7,4,2,4,2,47
49,-0.188,2,7,4,6,2,2,64
38,0.712,2,8,3,3,2,4,42
53,0.712,1,7,3,6,4,8,57
58,-0.188,5,3,1,1,2,4,44
34,-1.215,5,1,1,1,1,7,41
44,0.242,2,8,6,6,3,1,67
49,0.712,2,8,6,6,5,2,63
27,0.242,3,3,4,4,2,2,51
55,0.712,4,8,7,4,4,2,65
42,-0.57,4,4,1,3,3,2,42
85,-1.215,2,8,5,1,5,2,44
44,-0.57,2,9,5,2,5,2,60
85,-0.909,1,1,3,4,3,6,51
59,-0.188,3,3,3,3,3,2,34
45,-0.188,3,6,4,2,3,2,57
57,-1.215,3,2,2,2,3,2,52
58,-0.188,5,9,5,4,5,2,57
50,-0.188,5,7,3,1,3,5,58
45,-0.188,5,7,5,2,4,2,47
24,0.242,5,2,1,6,2,8,26
41,0.242,3,6,2,4,3,2,38
58,0.712,3,9,7,5,5,2,64
24,-1.215,4,1,1,2,2,7,35
34,0.712,5,7,5,2,2,2,47
50,0.712,2,8,6,3,3,2,59
39,-0.188,3,4,3,3,4,2,42
45,-1.215,2,9,5,1,3,1,35
47,-0.188,2,3,2,3,4,7,27
47,0.242,5,2,4,2,3,2,35
44,0.712,2,8,4,2,5,2,46
43,0.712,2,9,5,2,5,2,63
82,1.267,1,9,7,6,5,8,74
34,-0.57,2,4,6,5,1,2,58
58,-0.57,3,3,2,4,3,2,42
49,1.267,2,8,5,6,3,1,63
41,-0.909,2,4,4,2,3,2,45
54,0.712,4,8,5,2,5,2,61
40,0.712,2,4,5,6,5,2,49
56,0.712,1,8,7,5,2,2,59
58,-0.57,2,5,4,1,3,2,51
42,-0.188,1,8,4,3,2,2,55
52,1.267,2,7,5,4,1,6,40
51,1.267,2,6,7,8,4,1,67
43,-0.909,1,1,3,4,1,2,54
51,-0.57,5,6,7,7,2,8,65
32,-0.909,4,6,4,1,2,5,54
62,0.242,3,9,7,2,5,2,59
44,-0.57,3,6,4,2,3,2,50
49,-0.909,2,5,2,4,3,2,39
26,-0.57,2,3,2,4,2,6,51
54,0.712,2,6,4,1,4,5,53
44,0.242,2,9,4,2,5,2,62
47,1.267,2,3,5,3,2,1,58
42,-1.215,4,2,2,1,3,3,50
55,0.242,2,8,6,6,2,8,57
45,1.267,5,8,7,6,5,8,69
49,0.712,3,5,4,4,3,2,64
45,1.267,1,3,2,3,3,2,31
51,-1.485,2,5,2,1,2,2,49
36,-0.909,2,1,2,3,4,7,40
55,1.267,3,6,5,5,4,2,58
59,0.712,2,7,6,6,5,8,71
52,0.242,4,7,5,4,2,2,66
65,0.712,1,8,5,2,5,2,51
60,0.242,3,3,3,4,5,1,26
62,0.712,4,6,2,3,3,1,45
44,0.712,2,9,6,5,3,2,58
53,0.242,1,5,3,2,4,2,38
58,0.242,4,9,6,4,3,2,69
49,0.242,2,6,7,8,3,8,59
57,1.267,5,9,7,6,5,8,62
55,-0.188,3,6,6,4,3,1,69
50,0.242,1,8,5,6,4,8,61
78,0.712,1,8,7,2,5,2,86
63,0.242,2,9,7,2,4,2,72
44,1.267,1,3,1,8,2,8,47
64,0.712,1,8,7,6,5,3,80
57,-0.909,3,8,4,1,5,2,64
46,-0.57,5,5,4,1,3,5,55
46,0.242,1,6,6,6,5,8,75
60,0.242,2,7,7,8,4,8,66
72,1.267,2,1,7,6,4,8,84
64,0.712,3,5,5,2,4,2,65
61,0.712,2,5,7,8,4,8,68
49,-0.188,1,2,5,7,2,8,46
67,1.267,3,9,5,2,4,2,67
70,-0.188,2,2,1,6,3,8,29
42,-0.57,4,6,5,2,4,4,52
49,0.242,2,8,5,6,2,2,68
46,-0.188,2,9,5,4,3,7,50
55,0.712,2,4,5,6,5,1,51
56,0.242,1,8,7,6,2,1,65
45,0.712,1,6,7,8,2,8,95
43,-0.188,5,7,6,2,3,2,66
62,-0.57,2,3,7,6,2,3,67
77,1.267,4,7,4,4,5,2,77
53,0.712,2,9,6,2,5,2,67
56,-0.188,2,6,6,2,5,5,59
56,0.712,2,9,6,8,5,8,86
79,-1.485,1,1,1,4,1,8,39
75,0.242,2,5,3,6,4,1,28
56,-0.188,3,9,6,4,3,2,78
64,0.242,2,1,4,8,3,8,79
56,-0.57,2,7,5,3,2,6,39
47,1.267,4,9,6,3,4,2,64
51,-0.188,2,8,7,5,3,1,64
42,-0.909,2,1,1,2,1,7,43
60,1.267,1,7,7,8,5,8,83
39,1.267,2,7,5,7,1,8,59
52,0.712,1,1,5,6,4,8,38
46,0.712,3,8,1,2,5,2,26
32,-1.215,5,8,2,3,3,7,29
62,-0.188,2,8,6,8,2,8,85
56,0.242,5,3,2,1,3,7,30
82,-0.909,4,3,1,2,2,4,39
52,0.242,3,7,4,1,1,5,56
45,-0.188,1,7,7,5,2,2,75
50,-0.188,2,1,2,2,2,2,31
31,1.267,3,8,7,4,3,7,36
46,1.267,5,9,5,3,5,2,54
57,0.242,3,8,4,4,3,8,51
58,1.267,2,6,5,7,3,8,71
57,0.712,2,3,6,6,2,8,62
47,0.712,1,5,5,2,4,2,59
34,0.242,5,1,1,3,3,2,39
67,1.267,4,9,6,5,5,2,62
53,0.242,5,7,5,3,4,4,58
28,0.242,1,9,1,2,2,2,30
64,1.267,2,8,6,4,4,2,61
44,-0.188,3,6,2,6,2,8,55
54,0.242,4,4,3,1,3,5,58
47,0.712,2,7,4,2,5,2,65
59,1.267,2,8,6,6,4,8,63
40,-0.188,2,4,4,6,1,6,53
57,0.242,1,3,5,6,4,8,73
49,1.267,1,1,1,6,3,7,19
46,0.242,4,8,5,3,5,2,83
70,0.242,2,8,7,8,4,8,79
41,-0.57,4,9,3,1,4,5,45
47,0.242,3,8,4,1,3,2,73
40,-0.909,2,6,7,4,2,2,82
39,-0.57,3,8,3,4,3,2,51
42,0.712,2,7,6,4,5,1,61
53,1.267,4,8,7,3,5,2,62
53,1.267,2,8,7,7,5,8,88
62,-1.215,2,1,3,1,2,1,35
42,0.712,5,3,7,4,3,6,53
54,0.712,2,7,5,3,4,2,55
42,0.242,1,3,7,8,2,8,77
74,-0.188,1,4,7,4,2,2,72
46,-0.188,1,4,4,6,2,8,49
60,0.242,1,6,7,6,5,8,65
44,-0.909,2,8,2,5,2,2,50
45,-0.909,3,8,5,1,3,5,54
43,0.712,2,9,6,6,5,3,65
69,1.267,5,8,7,2,4,2,83
42,-0.188,3,8,4,3,5,3,56
66,0.712,1,5,7,6,3,2,71
52,0.242,1,2,4,6,3,8,44
55,-1.485,1,2,5,8,2,8,70
56,-0.188,2,7,4,2,4,2,58
41,-0.909,1,3,4,2,3,2,45
41,-0.909,4,8,5,4,4,2,57
38,0.712,2,9,6,4,3,2,29
46,0.712,1,8,6,4,5,2,53
52,-1.485,1,2,6,7,3,8,60
85,-1.485,5,5,4,3,2,2,81
65,-0.57,5,6,3,2,3,2,59
47,0.242,1,9,7,6,4,2,72
45,0.242,2,9,4,5,3,8,34
61,1.267,1,2,7,7,4,1,67
57,0.242,2,5,6,7,2,8,68
44,0.242,5,8,2,3,3,2,50
52,-1.9,2,9,3,3,4,1,35
57,1.267,2,9,7,7,5,8,79
44,-0.57,2,3,3,2,3,2,46
55,0.712,1,4,7,8,2,8,72
40,-0.188,5,6,4,3,3,1,56
48,1.267,2,1,3,4,3,6,37
55,-1.215,2,3,4,2,3,5,53
48,0.242,2,9,7,5,4,2,55
49,-0.188,3,7,2,4,3,4,27
60,0.712,2,9,7,3,4,2,60
44,0.712,2,6,4,6,3,6,51
61,0.712,2,5,7,8,3,8,77
47,0.712,4,9,6,2,5,2,58
68,1.267,2,9,7,8,5,8,81
56,0.242,4,9,5,4,4,2,67
65,1.267,4,7,6,2,4,2,70
56,-0.57,3,1,3,4,3,3,37
53,1.267,3,9,5,5,3,2,69
51,0.712,2,5,5,4,2,2,57
40,-0.57,2,6,6,8,3,8,53
63,-0.188,2,2,6,8,4,8,89
48,0.242,1,3,5,7,5,8,58
71,0.712,2,9,7,6,3,2,63
44,0.242,3,9,7,7,5,8,53
35,0.242,4,7,6,3,2,2,69
50,0.712,1,2,4,2,5,3,59
62,0.712,3,9,4,4,5,2,63
46,0.712,1,8,7,4,5,2,51
59,-0.188,5,4,4,3,3,3,51
49,0.242,3,7,4,4,5,3,54
42,0.242,2,5,4,5,3,8,31
35,0.712,2,9,5,6,3,8,45
42,0.242,1,6,6,3,4,2,51
65,1.267,2,9,7,3,5,2,57
76,0.712,2,9,7,3,4,2,67
57,0.242,3,9,5,2,5,3,58
70,-0.188,1,9,7,8,2,8,82
53,-0.188,4,1,3,3,3,4,55
53,0.242,2,7,5,6,5,8,58
45,1.267,2,9,7,6,5,3,74
46,0.242,4,9,5,4,5,3,55
65,0.712,4,9,7,4,3,8,64
43,0.712,2,5,6,6,4,8,54
71,1.267,2,5,5,8,3,8,85
55,0.712,5,9,6,3,3,2,70
72,0.242,2,5,5,7,5,8,95
52,-0.57,4,1,2,2,2,4,55
65,1.267,2,8,6,6,5,2,63
33,-1.713,3,2,1,2,2,2,33
82,-0.188,5,5,3,1,2,4,62
29,1.267,4,9,4,5,2,3,44
50,0.712,3,9,7,7,5,8,65
70,0.242,2,9,7,2,4,2,72
67,0.242,2,7,5,6,5,8,76
61,-0.57,4,3,5,2,2,4,61
53,0.712,2,8,4,2,5,2,67
34,-1.485,5,8,6,2,3,4,55
50,-0.188,2,6,4,8,4,8,48
85,0.242,3,7,6,5,2,2,79
47,-0.57,2,2,5,6,3,8,69
44,0.712,2,8,4,6,4,8,55
41,0.712,2,7,4,4,2,2,54
51,0.712,2,4,6,7,1,8,59
45,-0.188,3,3,5,1,4,7,56
59,1.267,2,4,7,8,5,8,80
53,1.267,1,1,3,3,4,2,53
38,0.242,2,9,6,2,5,2,61
58,-0.188,3,8,6,8,2,8,63
58,0.242,1,6,6,2,4,2,60
58,-0.188,5,9,3,1,4,5,55
55,-0.909,5,5,3,2,4,2,55
57,0.712,5,8,7,4,5,8,72
43,0.242,2,6,7,6,3,8,63
41,0.712,3,8,4,7,5,8,68
56,-0.188,3,9,4,1,4,5,50
54,0.242,4,4,3,2,3,2,37
49,-0.57,4,7,3,3,3,2,58
46,0.242,2,7,5,8,4,8,56
56,0.242,2,5,7,8,3,8,63
85,-0.188,5,1,2,4,3,2,57
69,0.242,2,9,7,3,3,2,71
61,1.267,4,9,4,6,3,3,63
47,0.712,2,9,6,6,5,2,71
51,1.267,2,7,5,8,4,8,67
50,0.242,1,4,5,2,3,2,63
40,-1.215,4,7,4,3,1,4,50
39,0.712,3,6,5,2,4,2,43
73,1.267,1,9,6,5,3,2,64
37,0.242,2,6,4,6,3,2,51
40,-0.909,2,2,4,8,2,8,52
33,-0.909,3,4,1,2,2,3,33
52,-0.57,4,9,5,4,5,2,65
56,-0.188,1,3,4,6,3,8,66
60,0.712,2,8,4,6,4,8,74
75,-0.188,2,6,5,4,5,2,67
29,-0.909,1,1,2,4,1,7,40
70,1.267,5,8,6,3,4,2,75
61,0.242,2,8,5,2,3,2,65
48,1.267,2,8,7,6,3,8,62
52,-0.188,2,8,5,7,4,8,54
45,0.712,1,8,4,4,3,2,58
51,0.712,2,6,4,8,5,8,56
52,0.242,2,1,6,6,3,3,48
33,0.242,2,2,6,6,3,6,55
56,1.267,2,7,5,6,5,8,74
55,0.242,5,6,1,2,1,6,41
40,-0.57,2,8,7,4,5,2,56
56,-0.188,2,3,5,6,3,3,50
48,1.267,1,9,4,4,5,2,60
41,0.712,1,3,7,6,4,8,52
35,0.712,2,8,6,7,5,8,57
68,-0.57,1,3,5,8,2,8,84
42,-1.485,2,2,2,4,2,2,48
47,-0.57,1,1,4,7,2,8,61
80,-0.57,4,6,4,6,3,3,42
82,-0.57,2,4,5,4,2,8,76
71,0.242,1,5,6,8,5,8,75
67,0.712,2,7,7,8,5,1,72
71,1.267,2,9,7,5,5,1,86
50,0.712,2,8,6,6,5,2,57
59,0.712,5,2,3,1,3,2,41
49,1.267,1,8,5,6,4,2,62
39,-0.188,2,3,4,7,3,8,42
48,0.712,2,8,6,6,3,2,58
29,-1.485,2,1,1,4,2,3,16
39,-1.485,5,5,4,2,2,4,30
50,0.712,2,7,5,8,3,8,68
43,-0.909,2,6,3,2,4,7,36
24,-0.57,1,3,3,3,2,2,26
51,0.712,2,9,6,3,5,2,56
55,0.242,2,6,5,8,3,8,61
54,-0.188,2,7,6,6,2,1,69
58,0.712,2,5,5,6,5,8,63
37,-0.188,2,7,5,5,2,3,48
43,-1.215,2,1,1,2,1,7,38
57,-0.57,4,3,3,3,3,2,36
71,0.242,2,7,7,6,2,8,70
33,0.242,5,3,3,3,2,6,31
32,0.242,4,7,4,3,3,2,49
43,-1.215,2,5,2,4,3,7,31
52,0.712,2,9,5,5,4,2,75
60,0.242,2,9,5,7,5,2,69
58,-0.57,5,8,5,3,5,2,59
42,-1.485,3,7,5,4,2,2,49
53,0.712,3,8,7,5,3,2,63
70,0.712,4,9,5,4,4,2,54
41,0.242,2,7,5,5,4,7,44
39,-0.909,2,1,1,2,1,7,33
85,0.242,1,9,6,4,4,2,78
44,-1.215,2,7,6,4,2,2,48
44,-0.57,1,1,1,6,3,8,45
60,0.712,1,6,4,5,5,8,65
42,0.242,2,4,5,8,2,8,61
63,1.267,2,9,7,8,3,8,63
77,0.242,2,8,6,6,3,2,77
44,-0.57,3,1,2,4,2,7,33
80,-1.215,5,3,3,2,2,2,59
45,0.712,2,4,6,7,3,8,54
45,-0.57,2,4,7,8,2,8,61
53,0.242,3,9,7,5,2,8,61
52,0.712,2,5,5,6,5,8,63
59,-0.188,1,8,7,8,4,8,88
29,0.712,5,8,5,6,3,2,65
56,0.712,3,8,5,5,5,2,77
45,-1.215,4,5,2,3,2,2,43
45,-0.909,2,8,5,6,2,2,63
63,-1.215,2,3,3,2,1,6,49
54,-0.909,5,3,2,3,2,6,38
79,-1.485,3,8,4,1,3,2,54
43,0.712,2,7,7,8,4,8,55
45,-0.188,2,6,6,6,3,8,55
58,-0.188,5,7,5,2,4,2,74
42,-1.713,1,7,3,4,4,2,49
46,-0.909,3,5,2,2,3,5,39
59,-0.909,2,6,3,3,3,2,44
8,1.267,5,3,1,2,3,2,21
58,-0.909,3,1,1,2,2,6,23
39,0.242,2,7,6,6,4,8,43
39,0.242,5,7,1,2,2,7,27
50,0.242,1,9,7,8,4,1,72
50,0.242,1,7,7,6,5,2,75
51,0.242,2,2,2,8,2,8,34
46,0.712,2,8,5,6,5,8,59
69,0.712,4,1,5,2,2,3,78
62,0.712,2,9,7,4,5,1,79
42,0.712,1,4,5,4,4,2,51
55,-1.713,2,1,2,2,3,2,49
64,-0.188,2,9,7,3,5,2,61
52,1.267,2,7,7,8,5,8,81
44,0.712,1,6,4,4,3,2,56
55,-0.909,3,5,6,2,4,3,71
50,0.242,1,7,3,7,4,8,39
77,-0.909,4,1,2,2,3,6,34
53,-0.909,1,3,3,8,1,3,63
57,0.712,2,7,7,8,5,8,76
49,0.242,2,4,5,6,3,8,53
64,1.267,3,9,5,2,5,2,75
70,0.242,2,9,7,5,3,2,86
37,-0.57,3,1,1,2,2,4,41
59,0.712,5,2,6,6,5,7,33
56,1.267,5,9,7,3,5,2,57
49,0.712,2,4,7,8,4,8,75
53,-0.57,2,4,3,4,3,1,32
36,-0.57,1,6,4,5,2,3,52
75,0.712,2,3,7,6,2,8,95
82,-0.188,5,1,1,5,3,6,40
52,-0.188,5,6,3,1,2,1,49
57,0.712,1,4,3,5,5,2,49
45,0.242,2,6,4,2,5,2,32
38,-0.909,2,1,1,2,3,3,21
75,1.267,2,9,5,8,5,8,86
44,-0.57,2,5,1,2,1,4,61
55,0.242,2,7,7,8,3,1,75
37,-0.188,1,5,4,3,3,2,31
67,0.712,3,5,7,8,4,8,77
45,-0.188,1,8,6,5,2,1,65
56,1.267,5,5,5,2,5,4,61
43,0.712,2,7,4,2,5,2,43
61,-1.215,2,6,7,4,2,4,60
28,-0.909,3,3,3,5,2,2,54
42,0.712,4,8,5,4,4,2,49
53,0.242,5,9,5,3,4,2,60
55,1.267,3,9,5,3,4,2,66
38,-0.188,5,8,4,2,5,2,46
63,0.242,4,7,6,3,5,3,68
49,0.712,1,9,6,4,4,2,58
48,0.712,1,6,5,6,4,8,74
68,-0.188,4,8,6,5,4,8,64
68,-0.909,4,7,6,2,3,4,74
38,-0.188,2,3,4,6,2,8,53
54,0.712,1,4,6,2,3,2,63
45,0.242,1,4,4,4,3,2,24
55,0.712,1,9,5,2,5,2,61
46,-0.188,2,7,4,8,3,8,49
44,-0.188,2,7,6,6,5,8,60
34,0.712,1,8,3,8,3,8,30
40,-1.215,2,8,2,3,3,7,49
55,-0.909,5,7,5,1,2,5,53
55,-0.57,1,1,4,2,3,5,30
82,0.712,2,7,7,5,2,8,71
52,0.712,2,9,4,6,3,2,57
53,-0.188,2,3,5,8,3,8,73
39,-0.57,2,5,4,2,3,2,50
44,0.242,2,3,2,2,4,2,26
47,-1.713,3,1,3,1,2,3,55
68,-0.57,3,9,5,4,3,2,53
60,1.267,2,8,6,5,5,2,51
50,-1.485,1,1,3,6,2,6,54
44,0.242,2,9,3,2,3,2,46
46,-1.215,2,9,6,7,3,8,73
56,0.242,4,9,6,3,4,1,67
54,0.712,2,8,6,6,4,8,58
45,0.712,3,9,6,3,4,2,65
55,0.242,4,9,5,5,2,2,54
38,-0.909,2,1,1,3,2,7,29
41,0.712,2,8,6,7,3,8,49
54,0.712,1,6,3,3,3,2,42
47,-0.188,2,3,4,8,1,8,42
45,0.242,4,7,2,2,4,5,38
53,-0.57,1,3,4,2,3,3,45
56,0.242,5,7,4,3,3,2,64
59,1.267,2,8,6,8,4,8,71
57,1.267,2,9,7,7,4,8,90
48,-0.57,1,6,3,4,2,2,59
85,-0.57,2,8,7,7,5,8,82
39,-0.57,3,3,3,2,4,2,52
38,-0.57,2,5,6,8,2,8,76
85,1.267,1,8,7,6,4,8,95
65,0.712,5,8,6,2,5,3,70
48,-1.485,4,8,3,2,3,2,43
33,0.242,3,7,5,2,4,3,50
62,1.267,2,8,6,8,5,8,77
63,0.712,2,4,6,6,3,8,60
51,-0.188,3,6,4,4,5,1,42
56,-0.188,2,7,3,5,4,8,58
39,-0.909,3,2,2,3,2,1,45
49,0.712,2,5,7,7,3,8,72
48,-0.909,2,9,5,5,2,2,50
67,-0.188,1,8,6,8,5,8,78
55,0.712,2,7,7,7,3,8,69
42,-0.188,1,5,5,2,3,2,62
35,-0.57,3,5,2,3,3,2,41
60,1.267,2,7,4,8,5,8,60
49,0.712,1,2,3,8,3,8,47
54,1.267,2,5,7,7,4,8,59
45,-0.188,2,7,4,2,3,2,49
47,-0.188,3,6,3,4,1,2,53
50,0.242,2,9,5,2,4,5,51
35,-1.215,2,5,2,2,5,2,16
52,0.712,1,5,7,7,3,8,68
36,-0.909,3,8,4,4,2,2,50
59,1.267,2,7,7,7,5,8,65
65,1.267,2,8,7,6,4,8,69
50,0.242,2,5,5,5,2,8,56
56,0.712,2,9,7,7,4,8,76
41,-0.57,2,5,3,5,1,1,52
54,-0.909,3,7,5,2,4,2,63
51,-0.188,2,6,4,2,3,2,60
55,0.712,2,9,5,5,4,2,62
56,-0.909,2,7,6,8,3,8,64
57,1.267,2,8,6,4,4,2,63
71,-0.188,2,1,6,1,3,5,41
60,-0.57,2,7,1,6,5,1,40
56,0.242,5,9,7,6,5,2,95
58,0.242,2,4,3,2,4,3,40
45,-0.188,2,9,4,3,4,1,64
73,0.712,5,9,7,3,4,2,72
44,0.242,2,3,7,8,4,8,72
55,-0.188,2,2,7,8,2,3,63
52,1.267,2,8,5,5,5,1,46
47,0.712,2,3,4,6,2,8,53
51,0.712,2,7,7,6,5,8,70
76,0.242,1,9,7,5,5,2,78
51,1.267,2,4,7,8,2,8,64
55,0.242,5,7,4,2,5,4,55
52,0.712,2,7,6,6,5,8,62
60,1.267,2,8,6,4,5,2,64
65,-0.188,2,3,3,2,5,7,48
68,0.712,2,9,7,7,5,1,75
48,0.712,5,8,4,4,4,2,43
51,0.712,2,8,5,8,4,8,57
42,-0.57,5,3,7,4,3,7,50
56,-1.713,5,3,2,3,3,2,42
59,0.712,2,9,6,4,3,2,57
36,-1.485,5,1,1,2,2,4,25
50,1.267,2,8,7,6,4,2,80
63,0.242,2,2,7,6,3,8,71
51,0.712,3,8,7,8,3,8,73
50,0.242,2,6,5,6,4,7,59
42,0.242,5,3,6,3,5,2,43
57,0.712,5,7,4,3,3,2,56
49,0.242,2,7,5,8,5,8,50
38,-0.909,2,2,4,6,4,8,47
57,0.242,2,6,7,6,3,7,57
42,-0.57,3,1,1,2,2,5,48
42,-1.485,5,6,2,3,2,2,46
56,0.712,2,8,7,6,3,8,67
49,0.712,4,6,5,6,3,8,62
9,-0.909,2,2,2,2,3,2,40
58,1.267,2,9,5,3,4,2,77
52,0.712,1,6,5,7,2,8,62
57,1.267,4,8,5,4,2,2,63
69,0.712,2,9,6,5,4,8,71
57,-0.188,2,2,3,4,3,4,48
45,-0.57,2,7,4,4,4,2,44
51,-0.188,3,9,7,5,5,8,56
42,-0.57,3,9,6,4,4,3,70
50,0.712,3,5,2,1,3,5,46
43,-0.188,3,5,3,4,2,4,39
54,0.712,1,7,6,5,4,2,58
55,0.242,2,6,7,7,3,8,53
55,0.242,2,9,7,8,4,4,58
47,0.242,3,3,1,1,2,6,22
34,0.712,2,7,6,6,2,1,43
33,-0.909,5,4,1,2,3,2,36
64,0.242,5,6,4,2,3,8,65
53,0.712,2,8,6,8,4,8,64
57,-0.909,2,2,7,8,3,8,63
44,1.267,1,3,5,8,3,8,57
48,0.242,1,8,6,6,2,8,56
85,0.712,1,8,7,8,3,8,95
21,0.712,2,2,2,6,1,6,26
62,0.242,2,7,6,8,5,8,73
33,-0.57,5,1,1,2,2,4,21
51,0.242,2,6,6,8,3,8,63
51,-0.57,1,7,7,8,2,8,61
54,-0.188,3,8,7,6,2,8,61
48,1.267,5,3,3,7,3,7,41
39,0.712,1,4,5,8,4,8,52
54,1.267,2,8,5,7,5,8,51
67,0.712,2,7,6,3,3,4,64
47,-1.485,3,3,4,5,1,2,58
60,-0.188,1,6,6,2,3,2,76
42,0.242,1,6,5,3,4,2,60
52,0.712,2,2,3,6,3,4,56
55,-0.57,2,6,5,6,2,8,66
41,0.712,2,6,3,4,4,6,36
54,0.242,2,2,5,6,3,8,62
42,-0.909,1,2,4,8,2,8,49
85,0.242,2,4,7,6,3,8,80
40,0.712,3,9,7,3,4,2,49
46,0.242,2,7,7,7,2,8,70
38,0.712,2,6,4,4,3,2,18
44,-0.188,3,7,2,3,3,2,48
43,0.242,2,6,3,2,3,2,49
70,0.242,3,9,6,5,4,2,67
45,-0.188,1,2,5,7,3,8,68
27,-0.57,2,8,2,4,3,2,42
65,1.267,3,8,5,5,3,2,76
56,0.712,2,7,7,6,3,2,60
58,0.242,1,4,4,7,5,8,69
47,0.242,4,8,5,3,5,4,61
35,-0.188,1,7,4,3,5,2,43
55,0.242,2,5,4,8,3,8,58
51,1.267,5,8,5,4,4,2,57
55,0.242,5,5,4,7,5,8,56
28,-0.909,2,6,2,2,3,2,37
60,1.267,2,9,7,6,5,8,77
55,0.242,2,3,4,7,4,8,53
64,0.712,3,7,5,2,4,2,66
44,-0.188,2,6,5,6,2,8,59
57,0.712,2,9,7,5,4,1,68
55,0.712,3,6,3,3,4,2,56
37,0.712,2,2,3,7,3,8,33
42,-1.485,2,9,6,4,5,1,60
53,0.712,5,7,4,5,4,2,42
58,0.712,2,7,6,5,2,1,64
44,-0.909,2,1,3,8,2,8,64
55,1.267,2,9,7,6,5,8,80
48,1.267,3,4,4,6,3,3,49
75,-0.57,1,1,5,1,3,2,54
53,0.712,1,6,7,6,3,8,62
52,-0.188,2,3,4,4,2,1,34
78,-0.57,4,7,2,1,2,2,52
52,0.712,5,7,3,5,4,2,43
43,-0.188,2,8,6,4,3,3,58
50,0.242,2,1,5,8,2,8,62
55,1.267,4,9,7,4,5,2,50
61,1.267,4,9,7,5,3,8,75
48,-0.188,3,4,6,5,2,2,45
58,-0.188,2,7,4,7,5,8,49
42,0.712,1,1,3,4,3,1,24
22,-1.215,1,1,1,7,2,8,39
38,-0.57,2,5,3,4,4,2,40
55,0.242,2,8,5,7,3,8,63
69,-0.57,2,8,5,6,5,8,60
57,0.242,3,9,5,4,5,1,61
37,-0.57,3,7,1,6,4,8,48
54,-0.188,2,4,7,8,3,4,56
50,-0.909,2,5,4,8,3,8,50
41,-0.188,2,4,3,6,3,8,45
43,0.712,2,5,7,5,2,3,59
47,-0.57,2,1,1,4,2,6,51
53,-1.485,5,1,1,1,2,2,58
53,-0.188,2,7,5,4,2,2,53
43,-0.188,1,5,6,5,2,8,47
37,-0.188,2,8,5,2,4,2,54
85,1.267,2,8,7,4,4,2,72
79,1.267,2,9,7,5,4,2,79
52,-0.57,2,5,6,5,3,8,69
46,0.242,3,7,5,4,2,1,55
50,0.712,5,2,3,1,2,3,49
42,-1.485,5,7,1,1,2,2,51
52,0.712,2,9,6,7,5,8,77
49,0.242,5,2,1,3,2,4,36
52,0.712,2,9,7,8,4,8,85
61,0.712,5,7,5,3,4,4,62
49,0.712,2,9,6,4,4,1,62
57,-0.57,1,9,7,4,1,1,79
56,0.242,2,8,4,3,4,2,59
51,1.267,2,8,7,6,4,8,64
54,-0.188,5,6,4,2,3,7,43
56,-0.188,2,6,2,4,2,2,46
44,-0.57,2,8,7,6,2,8,77
52,0.712,2,6,6,7,3,8,79
37,0.242,2,6,4,5,5,2,38
53,0.712,2,3,4,3,3,1,52
53,-0.909,5,4,6,2,3,4,65
68,0.712,2,4,4,8,3,8,67
42,-0.57,2,6,5,8,3,8,61
67,0.712,2,8,6,2,4,2,67
50,0.242,2,2,3,1,3,5,45
63,-0.188,1,3,4,5,2,2,62
56,-0.188,5,8,5,3,3,4,58
61,-0.188,3,4,2,2,3,7,21
44,1.267,4,9,5,4,3,2,56
42,-1.485,1,1,1,2,1,1,40
52,-2.053,5,6,6,3,2,4,58
52,1.267,2,9,7,6,4,8,95
32,-0.188,3,7,4,2,5,2,46
69,1.267,2,7,7,5,3,8,59
43,-1.485,5,8,1,3,2,2,57
52,1.267,2,7,6,6,5,3,59
53,1.267,1,5,5,8,4,8,64
60,0.712,2,2,4,7,3,8,55
44,0.242,2,8,4,5,3,7,56
40,-0.188,3,1,1,1,3,5,36
69,0.242,1,6,6,4,5,2,65
49,0.712,3,6,3,2,4,2,49
64,0.712,5,9,4,3,5,2,70
60,1.267,2,7,7,8,5,8,62
42,-1.485,2,1,4,1,3,3,56
67,1.267,2,8,6,6,2,1,84
47,0.712,1,7,6,6,5,8,53
46,0.242,2,3,5,3,3,2,54
59,1.267,5,7,6,1,3,5,46
61,0.712,2,6,7,8,2,8,66
47,0.712,1,3,5,7,3,8,51
58,1.267,2,9,7,5,4,2,80
39,0.712,2,5,2,5,4,2,49
45,-0.909,1,6,4,5,3,2,48
45,-0.188,2,7,2,6,2,8,63
57,1.267,1,7,7,7,4,6,75
41,-0.57,3,7,3,2,2,2,36
48,-1.485,5,7,1,2,2,2,52
48,-0.909,4,6,5,5,3,2,57
46,0.712,2,8,3,4,5,2,50
44,-0.188,3,5,4,4,3,2,52
50,-0.57,5,5,5,3,3,1,52
77,1.267,2,2,5,6,5,8,69
66,-0.188,2,6,5,2,4,2,75
42,0.712,2,8,5,8,4,8,59
58,-1.713,2,6,6,8,2,8,60
85,-0.909,2,3,1,4,3,6,86
55,0.712,1,5,6,8,3,8,59
41,0.712,4,7,4,6,3,6,44
73,-1.713,2,2,6,2,2,3,46
48,0.242,4,7,3,2,4,2,32
56,0.712,2,5,7,8,2,8,75
39,0.242,1,2,4,6,2,8,46
63,0.712,5,2,4,1,4,5,70
45,-0.909,3,1,1,1,2,7,34
41,-1.215,2,2,3,5,2,3,49
48,0.712,1,8,5,6,5,2,69
50,0.712,2,3,3,6,5,1,47
55,-0.57,3,7,3,2,2,2,44
51,1.267,2,7,6,7,3,8,57
85,1.267,1,7,6,5,2,2,64
46,-1.215,1,6,2,2,3,1,49
68,0.242,2,5,6,6,5,8,65
23,-1.713,2,1,1,4,1,6,39
61,0.242,2,6,6,6,4,8,76
56,0.712,3,9,5,1,3,2,63
44,-0.57,4,5,4,1,2,3,47
30,-0.909,3,2,4,2,2,7,33
57,1.267,2,7,6,6,3,8,71
57,0.242,2,7,4,6,4,2,59
41,-1.215,2,1,1,5,1,7,44
82,0.242,4,8,4,1,3,5,57
62,0.242,1,2,4,7,2,3,57
53,0.242,2,8,7,8,5,8,88
58,1.267,2,9,7,6,4,1,59
71,0.242,5,7,6,3,4,2,71
75,0.242,4,8,5,4,2,2,79
42,-0.57,1,1,1,6,2,6,47
51,0.712,2,9,4,4,3,2,73
62,-0.57,2,2,3,4,2,2,30
63,0.712,2,9,7,6,5,8,73
59,1.267,2,8,7,5,4,2,82
55,-0.188,2,3,7,7,3,8,71
57,-0.188,5,9,5,6,3,2,72
35,-1.215,2,5,5,6,3,1,54
59,-0.57,4,6,4,3,4,2,50
53,0.242,5,8,6,2,3,2,63
71,1.267,2,9,7,6,3,8,88
54,-0.57,2,7,6,8,2,8,54
49,-0.188,3,7,3,2,2,7,62
46,0.712,3,7,6,4,4,7,54
48,-0.188,4,3,4,4,1,2,58
61,0.712,1,7,6,2,4,2,56
56,0.712,2,8,6,8,5,8,63
45,1.267,3,9,7,7,3,8,67
42,-0.188,1,3,4,5,3,8,53
64,-0.188,4,9,6,2,5,2,66
60,0.242,2,8,7,5,5,2,73
41,0.242,2,7,5,7,2,8,65
40,0.712,3,8,4,1,3,5,43
49,-1.215,1,4,6,5,4,2,67
53,0.242,5,9,6,3,5,2,64
85,-0.57,2,9,6,7,2,8,95
48,-0.909,5,5,1,2,2,2,40
57,-1.215,3,8,7,2,2,2,62
43,0.242,4,8,5,2,4,3,55
53,1.267,1,6,7,6,5,8,65
61,0.242,1,4,7,7,3,8,82
42,0.712,3,7,4,4,3,2,49
37,0.242,3,8,2,1,3,5,33
82,0.712,2,8,7,7,3,1,81
72,-1.215,4,6,4,3,1,4,77
49,-0.188,2,5,5,7,2,3,43
39,-0.909,1,8,5,3,5,2,45
51,0.712,2,2,6,4,2,2,64
57,-0.909,2,3,6,6,2,8,75
45,-0.909,3,8,6,2,4,2,73
60,-0.909,3,2,3,7,2,8,57
56,-0.909,2,4,5,5,2,4,57
54,1.267,2,6,4,7,5,8,50
36,-0.57,2,9,5,2,5,2,48
51,0.712,2,6,6,4,4,1,54
41,0.242,2,3,4,6,3,8,26
71,-0.909,3,7,5,4,3,1,72
47,1.267,2,9,6,3,5,7,56
47,-0.188,2,2,3,8,2,8,60
62,0.242,1,6,5,5,3,8,73
42,-0.57,1,5,7,5,3,2,65
37,-0.188,5,4,1,4,3,1,45
85,1.267,1,9,7,6,5,8,95
54,-0.188,4,4,3,2,2,8,26
28,-0.188,3,8,3,4,3,3,45
57,-0.909,3,1,4,2,3,5,64
58,0.242,2,8,5,2,4,2,67
41,-0.909,1,1,1,5,2,6,33
48,-0.188,2,2,5,6,3,8,58
44,0.242,1,3,6,8,5,8,70
37,-0.909,2,6,4,2,5,2,50
51,0.712,5,5,1,3,3,2,38
42,-1.215,2,7,6,5,3,2,86
57,-0.909,2,7,6,6,4,5,62
60,0.712,2,9,6,8,4,8,59
27,-0.57,3,5,3,6,2,3,22
66,0.242,1,7,7,8,5,8,72
55,0.712,2,9,6,6,5,2,80
55,0.242,1,2,4,2,3,2,48
57,0.242,2,7,7,7,5,8,73
38,-0.57,1,1,2,4,2,6,29
35,0.712,2,6,4,7,1,8,65
61,0.242,2,7,4,4,4,2,60
23,-0.909,2,8,5,4,3,2,51
41,0.242,2,3,4,4,2,6,32
60,1.267,2,6,6,5,4,2,68
47,1.267,2,4,4,8,4,8,51
30,-0.188,2,5,4,1,3,5,40
59,1.267,2,9,6,3,5,2,64
51,0.242,1,2,5,2,3,2,56
57,0.242,2,8,7,3,5,2,55
58,0.242,5,8,5,3,4,2,64
52,-0.57,2,5,6,5,2,2,76
31,-1.485,2,1,1,6,3,8,46
75,1.267,1,6,7,8,2,8,95
49,-1.713,4,1,2,4,2,7,66
49,0.242,2,8,5,7,5,8,64
41,-0.909,1,3,3,5,2,8,59
50,0.712,4,9,6,4,3,2,57
53,0.242,2,6,5,5,2,2,63
36,-1.713,2,9,6,2,5,2,56
57,-0.909,2,6,4,8,5,8,57
57,1.267,1,3,5,8,2,8,75
37,0.242,1,3,3,8,3,8,47
50,0.712,5,9,6,4,4,2,72
44,0.712,2,7,4,5,2,2,48
53,0.712,4,9,6,3,4,2,60
58,-0.57,2,4,4,3,1,7,43
17,-0.57,2,2,4,8,3,6,36
48,-1.485,1,7,4,2,4,3,41
10,-0.57,2,1,1,3,2,7,25
53,-1.9,5,5,1,3,2,2,44
53,0.242,1,3,5,8,2,8,64
68,-0.57,1,1,6,7,1,4,59
37,-0.57,1,4,3,6,5,8,47
45,-0.188,4,9,7,6,3,8,81
38,0.242,4,8,7,5,2,7,54
55,1.267,1,7,7,6,4,8,59
48,0.242,3,5,7,8,2,8,70
55,0.242,2,6,6,8,3,8,60
70,-0.188,3,9,7,5,2,3,65
68,0.712,3,5,4,2,4,2,52
50,0.242,1,3,4,8,2,3,47
50,1.267,3,9,6,2,4,4,74
79,-0.909,4,6,5,1,3,3,26
52,0.242,1,4,5,7,3,8,60
57,1.267,2,8,7,6,3,8,65
40,0.242,5,8,4,4,3,4,45
57,0.242,3,9,7,3,5,2,67
63,0.242,2,8,5,2,4,2,66
42,-1.215,4,2,5,3,2,7,47
60,-1.9,4,1,1,4,1,6,66
27,0.712,2,2,4,8,2,8,38
42,-0.909,3,4,2,3,3,3,50
55,0.712,1,6,5,2,5,2,58
40,-0.188,4,1,2,4,3,7,42
51,0.242,2,6,6,8,5,8,64
55,0.242,1,4,4,6,3,2,61
58,1.267,2,8,7,4,3,2,71
46,-0.909,2,2,7,8,2,8,80
45,0.712,1,8,6,5,5,2,58
58,0.712,2,9,7,6,4,6,65
42,-0.57,2,7,4,4,2,2,53
42,-0.188,4,4,2,4,2,2,37
36,-0.909,3,6,3,2,2,2,34
41,0.242,3,3,5,7,2,8,55
64,1.267,5,8,6,3,5,4,78
42,-0.57,1,4,3,2,3,2,35
70,1.267,5,8,5,3,4,3,73
64,1.267,2,9,6,7,5,3,95
45,-0.909,4,8,6,3,2,2,55
55,-0.909,4,7,4,3,2,2,71
56,0.712,3,9,4,6,3,8,69
61,0.712,2,9,5,3,5,2,72
72,0.712,4,8,7,3,4,2,72
50,0.712,4,9,7,3,5,2,56
41,0.712,2,8,5,2,4,2,67
60,0.242,4,5,5,2,2,2,73
62,1.267,1,8,6,4,3,1,71
62,0.712,1,6,5,6,3,8,95
54,0.242,2,2,6,6,2,8,70
33,-1.215,2,4,3,2,5,2,37
61,0.242,4,7,5,3,4,2,49
41,1.267,4,9,5,3,4,2,31
66,-0.188,4,8,6,4,3,7,37
55,-0.57,2,4,2,2,2,2,61
44,-0.57,3,6,5,4,2,2,59
52,-0.57,2,7,4,2,5,2,53
36,0.242,1,2,1,5,4,2,39
37,-0.57,5,1,1,1,2,2,54
57,1.267,2,8,6,7,4,2,73
55,-0.909,5,2,5,1,3,5,50
61,-0.57,1,4,5,1,4,2,62
49,1.267,2,5,5,8,4,8,67
59,0.712,4,9,5,5,4,2,64
57,0.712,2,9,7,4,4,8,62
53,1.267,1,5,4,5,5,2,54
57,1.267,5,8,5,4,4,2,65
32,-0.188,2,7,4,1,4,2,46
50,0.712,2,9,5,8,4,8,51
37,0.712,2,8,6,2,5,2,47
51,-0.188,3,7,7,7,2,8,57
85,1.267,2,9,7,8,5,1,95
56,1.267,2,9,4,5,5,2,70
53,0.242,2,3,5,8,4,8,59
51,0.242,2,7,6,4,3,2,60
57,0.712,4,8,3,4,3,2,59
62,0.242,4,8,5,4,3,3,73
39,0.242,1,4,3,3,4,7,39
81,-0.188,4,6,7,4,4,2,73
63,1.267,2,8,7,5,4,2,77
46,-0.57,2,1,2,5,1,6,37
67,0.242,2,7,5,2,4,7,60
54,0.712,4,4,4,2,4,2,48
41,-0.188,5,3,3,2,1,2,43
42,-1.215,3,2,1,2,1,7,29
35,-0.188,4,7,3,4,3,2,58
51,0.242,3,7,1,2,2,5,57
82,0.242,2,7,5,6,3,8,80
45,-1.215,2,7,7,6,2,8,62
58,-0.188,4,2,5,2,3,6,49
49,-0.188,2,9,7,3,5,4,63
50,-0.188,2,7,4,6,3,8,47
69,-1.485,1,1,3,4,3,2,41
58,-0.188,1,3,6,6,3,3,67
42,-0.188,3,7,4,4,2,2,57
59,0.242,4,9,6,4,3,3,67
85,1.267,3,8,5,5,4,8,72
51,-0.57,1,6,5,7,2,8,54
47,-0.188,2,8,3,3,5,2,48
36,0.712,1,4,3,4,2,1,45
58,0.712,2,1,5,6,2,8,59
19,-1.215,2,2,3,7,2,8,49
57,1.267,2,9,7,6,5,2,75
51,-0.57,1,3,4,6,2,8,48
49,0.242,2,4,6,8,3,8,95
52,0.712,4,7,7,5,3,2,79
64,0.242,2,8,7,8,5,1,72
55,-0.57,2,9,4,1,4,3,53
51,-0.188,2,8,7,6,5,8,73
51,0.242,3,9,5,2,5,3,64
49,-0.57,1,1,7,6,3,8,63
45,0.712,1,9,7,6,5,2,61
48,0.242,2,7,6,2,4,2,51
32,-0.188,1,1,3,6,2,8,35
40,0.242,2,9,5,3,1,1,59
50,0.712,1,5,5,3,3,2,69
67,0.712,4,7,3,4,4,2,44
58,-1.485,3,7,3,3,3,2,61
55,0.712,2,7,5,6,4,2,63
43,0.242,3,6,5,6,2,8,54
52,-0.57,4,9,5,3,3,4,64
52,-0.57,5,6,4,5,1,6,54
47,-0.188,5,8,4,1,2,3,53
39,-0.57,2,5,4,4,1,2,29
33,-0.909,2,1,1,5,2,2,38
44,-0.909,1,3,2,3,3,2,42
57,1.267,2,3,4,6,4,8,61
54,0.712,2,9,6,5,5,2,53
43,-0.188,2,9,5,3,4,2,57
41,-0.188,2,3,6,8,4,8,47
65,1.267,2,8,7,6,5,8,68
65,0.712,3,9,7,3,4,2,75
49,0.712,1,4,5,4,2,1,58
58,0.712,2,8,6,6,5,8,67
37,-0.57,1,3,3,8,5,3,43
33,-1.215,4,5,4,4,2,2,41
30,-0.909,4,1,1,2,1,6,39
55,-1.485,1,1,6,8,2,8,47
49,0.242,1,1,4,6,3,8,47
46,-0.188,4,8,7,3,5,3,59
57,1.267,2,8,5,8,4,8,85
45,-0.57,3,3,4,3,4,2,49
48,0.712,2,8,5,7,5,8,68
47,-0.188,4,7,6,3,4,2,34
54,-0.57,2,2,5,8,1,8,62
53,-0.188,5,3,1,3,1,4,57
38,1.267,1,6,4,4,5,2,46
42,0.712,2,8,5,4,4,2,60
29,-0.57,5,8,4,1,2,5,47
69,1.267,2,9,7,3,4,2,69
55,-0.188,3,4,2,1,2,5,54
16,0.712,3,6,2,4,3,6,21
74,1.267,2,4,6,5,5,8,64
43,-0.57,2,5,4,6,4,3,50
24,-0.909,3,2,1,3,2,7,30
44,1.267,4,6,4,4,2,2,53
48,-1.485,5,1,1,2,2,1,49
38,0.242,2,2,4,8,2,8,56
60,0.712,1,1,5,8,2,8,51
70,0.712,2,9,5,5,5,2,74
61,0.712,2,6,7,4,2,4,79
41,0.712,3,6,4,7,2,8,37
42,-0.188,3,5,3,3,5,2,44
31,0.242,4,5,1,4,2,7,53
51,-0.57,4,2,1,2,2,2,24
37,0.242,2,3,1,7,3,8,52
57,-1.485,1,6,5,3,2,1,27
64,1.267,1,5,7,7,5,8,89
44,-0.188,2,6,4,6,1,2,53
34,0.242,2,2,1,2,3,2,46
45,0.242,2,5,5,5,3,2,47
51,0.712,2,6,7,6,3,8,69
47,-0.188,3,6,4,3,3,2,59
20,-0.57,1,2,1,2,3,3,29
56,-0.188,2,8,7,6,3,2,70
75,-0.57,2,2,4,5,3,1,48
56,-0.188,4,6,5,4,2,6,53
41,0.242,2,3,3,4,3,1,37
35,-0.909,3,1,3,5,3,6,38
85,1.267,1,7,6,8,2,8,95
54,0.712,2,7,5,4,3,2,59
45,-0.57,5,7,5,2,5,2,61
67,-0.57,2,6,5,2,4,2,60
56,-0.188,2,3,4,2,3,2,55
57,1.267,2,3,7,6,5,8,65
48,1.267,1,5,7,6,3,8,70
46,-0.909,2,2,3,2,3,2,59
42,-0.57,2,7,4,4,4,8,48
42,0.242,3,7,4,5,3,2,44
65,0.242,2,9,7,3,5,2,56
57,1.267,2,9,7,8,3,8,81
36,-0.188,3,3,7,7,5,8,73
18,-0.188,4,1,1,5,1,6,31
76,0.712,1,9,7,4,5,2,64
85,-0.57,2,9,6,3,4,2,74
61,0.712,2,9,7,3,5,2,83
48,0.242,2,5,6,8,3,4,60
46,0.712,3,8,7,3,4,2,73
66,1.267,2,8,7,8,4,8,79
56,1.267,2,8,5,5,5,8,47
44,-0.57,2,4,2,4,2,2,37
49,1.267,2,8,7,8,3,8,76
58,-0.909,3,6,7,4,2,3,59
40,0.712,2,5,7,7,2,8,79
70,-0.188,4,9,4,4,5,2,74
47,0.712,2,3,7,6,2,8,54
48,0.712,3,9,7,5,5,2,70
55,0.712,2,7,6,4,4,2,58
49,-1.485,4,2,4,4,2,4,54
45,-0.188,2,6,7,7,3,8,56
42,0.242,2,4,5,4,2,4,54
59,0.712,2,6,6,6,4,8,80
42,-1.713,4,8,6,1,4,2,47
47,0.242,4,9,7,5,5,2,53
56,0.242,3,9,5,2,5,2,44
56,0.712,4,7,4,5,5,2,59
34,0.712,2,7,4,4,4,2,29
22,-0.909,2,2,3,8,3,8,41
59,0.712,3,8,7,4,5,2,69
31,-1.215,2,1,1,3,2,1,36
57,0.712,2,9,6,6,3,2,80
30,-0.188,2,5,5,8,4,8,40
48,-0.57,2,8,6,5,2,2,66
46,-0.188,2,3,3,4,2,2,47
52,0.712,3,4,4,3,5,2,45
60,0.712,2,8,7,6,4,8,77
67,0.242,2,7,3,3,4,2,63
57,0.242,2,7,7,6,4,8,55
57,0.242,2,5,7,6,3,2,59
47,-0.57,4,7,5,3,4,2,48
44,0.712,2,8,5,2,5,2,59
31,-0.188,2,4,3,5,3,2,34
47,0.242,2,4,5,6,3,6,67
55,-1.9,3,2,4,1,3,5,45
30,0.712,1,6,4,3,3,2,38
80,1.267,2,5,7,6,3,8,95
43,0.242,2,3,4,6,2,8,68
54,0.712,3,4,6,2,4,2,60
50,0.712,1,8,6,8,5,8,74
51,0.712,2,7,6,4,5,2,46
52,0.242,5,8,6,8,2,8,68
56,1.267,2,5,5,2,4,2,70
63,0.242,3,5,5,4,3,3,68
42,-1.713,3,4,3,2,2,7,49
51,0.712,3,6,6,2,5,2,70
54,0.712,2,6,5,6,3,8,64
32,-0.57,2,8,5,6,3,8,50
56,1.267,2,7,7,8,4,8,65
50,-0.57,1,7,7,8,3,8,58
42,-0.909,2,5,3,4,3,2,49
64,1.267,3,9,6,5,4,4,62
42,-0.57,2,9,6,5,4,2,54
48,0.242,2,5,4,7,3,8,48
50,0.712,3,9,7,5,5,2,59
54,1.267,1,2,5,6,2,8,57
38,-0.57,2,7,7,4,4,2,51
37,-0.188,3,6,3,2,3,1,39
43,-0.188,1,3,4,8,3,8,47
65,1.267,2,4,7,8,4,8,69
42,0.712,3,7,2,5,3,2,40
43,-0.188,5,9,4,4,5,2,52
41,-0.57,2,2,6,8,2,7,58
45,0.712,2,7,7,7,3,8,66
73,-0.188,1,6,6,1,4,2,65
47,-0.188,2,8,4,2,4,2,62
82,0.712,3,9,7,2,4,2,60
49,-0.188,1,8,7,7,3,8,64
49,-0.909,1,1,6,6,4,3,46
22,-0.188,3,7,1,6,1,8,40
64,-0.909,3,2,1,4,1,6,14
48,0.712,1,7,6,4,3,2,52
35,-1.485,2,2,3,4,3,2,47
42,-1.215,3,8,4,4,3,2,57
34,0.712,1,8,3,4,4,2,40
68,0.712,2,9,6,5,4,2,74
42,-0.188,2,2,1,8,1,8,41
49,-0.188,5,6,4,3,4,2,58
61,-0.909,2,9,5,5,5,2,58
38,0.242,1,8,5,2,5,2,53
31,0.712,2,3,5,8,5,8,56
72,-1.485,1,1,4,4,3,1,70
73,0.712,4,8,4,1,3,3,50
53,-0.57,2,3,4,4,2,6,40
53,0.712,2,7,7,8,5,8,71
52,0.242,4,7,5,2,4,2,58
55,-0.188,4,7,4,4,3,4,83
43,0.242,1,5,4,7,5,8,67
57,0.242,1,1,3,2,3,2,40
50,0.242,3,5,5,3,4,2,55
70,1.267,1,8,7,8,5,8,86
48,1.267,5,8,4,3,3,1,60
53,-0.57,3,8,5,1,4,2,58
41,0.712,1,5,3,2,4,2,41
58,0.242,5,8,4,4,5,8,58
51,-0.57,2,5,3,2,2,2,63
42,-1.215,2,8,7,5,2,4,58
31,-1.215,1,4,3,4,1,2,60
62,0.712,1,1,3,6,4,8,34
56,-0.188,4,7,6,2,5,2,58
77,-0.188,2,6,5,1,3,2,67
40,0.712,4,6,4,2,5,5,40
37,-0.188,2,8,5,2,5,2,48
40,-0.188,4,7,3,3,3,2,43
45,0.712,2,7,5,6,5,3,68
37,-0.57,2,5,1,4,2,1,49
44,-0.57,2,3,6,6,2,3,72
51,-0.57,3,1,4,3,3,3,47
54,0.712,4,4,5,4,3,2,33
44,-1.215,4,5,2,2,3,2,41
38,0.712,3,7,3,4,3,2,32
67,0.712,4,9,7,2,4,3,62
55,1.267,2,7,3,6,4,8,67
49,1.267,2,8,5,5,4,2,62
55,-0.57,3,5,2,1,2,3,39
53,0.242,1,7,6,2,5,2,68
45,0.242,4,9,3,3,4,2,42
69,1.267,3,8,5,6,5,8,74
82,0.712,2,9,7,7,5,8,76
56,1.267,3,8,6,3,4,2,67
42,-1.215,3,3,1,4,2,2,49
56,-0.188,4,7,5,3,3,2,66
50,-0.188,3,8,6,2,5,2,56
43,0.712,3,7,4,4,2,4,50
53,0.242,4,9,4,4,5,2,56
50,0.712,2,8,6,4,3,2,59
69,0.242,1,4,6,6,3,8,71
51,0.242,2,8,6,5,2,2,63
63,1.267,1,9,7,8,5,8,68
34,-0.57,1,8,5,5,5,2,50
45,-0.909,2,5,3,5,3,5,30
53,-1.485,4,3,3,4,2,2,65
33,-0.909,4,3,1,3,1,4,38
51,0.712,1,6,5,4,4,1,62
48,0.712,2,5,4,8,2,8,59
50,0.242,2,6,5,8,4,8,61
69,1.267,2,9,7,6,5,8,95
50,-0.909,2,1,3,3,2,6,39
48,0.242,2,8,5,2,4,2,60
52,-0.188,2,2,4,2,4,2,56
49,-1.485,2,1,1,3,1,7,55
47,0.712,2,7,5,6,4,2,68
50,1.267,2,9,7,5,5,2,66
54,-0.188,2,8,6,6,5,8,63
54,0.712,2,9,7,4,5,2,78
42,-0.909,4,7,3,4,2,4,53
58,1.267,5,8,5,4,4,2,52
60,0.712,1,8,6,5,4,2,68
60,1.267,2,9,7,6,5,8,82
45,0.242,2,3,5,8,2,8,35
47,-0.909,4,9,7,3,4,4,57
51,0.712,2,2,5,8,2,8,79
60,-1.215,4,2,7,2,2,2,32
25,0.242,2,4,3,5,3,2,48
42,0.712,2,3,7,6,4,8,58
44,0.242,2,2,3,7,1,8,43
21,-0.57,3,7,7,7,3,8,51
48,-0.909,2,4,3,3,3,2,33
38,-0.188,2,7,6,6,2,2,53
37,-1.485,1,2,4,6,2,7,29
42,-1.215,4,3,3,2,2,4,45
51,0.242,2,7,3,3,3,2,57
52,0.712,2,9,5,7,5,8,69
56,-1.713,1,1,3,8,3,8,37
51,0.712,2,7,6,6,5,8,56
41,0.712,3,7,4,8,4,8,55
41,-0.188,4,4,3,2,2,3,44
67,-0.57,3,8,6,4,2,4,51
19,0.242,1,3,5,4,2,2,47
48,-0.188,1,9,4,4,5,2,50
53,-0.188,2,3,6,8,2,4,69
69,0.712,2,8,7,2,4,2,52
70,0.242,2,4,5,7,4,8,67
51,1.267,1,7,5,2,4,2,60
55,0.712,4,9,7,6,3,8,69
64,0.242,2,8,7,8,5,8,59
43,-0.188,4,8,5,4,4,2,45
46,1.267,2,8,6,7,4,8,62
44,-0.909,3,3,1,2,2,6,35
63,0.242,5,6,5,2,3,2,61
47,-0.188,2,6,4,2,4,2,36
56,-0.57,3,6,3,3,2,2,29
37,0.242,2,5,4,5,4,2,38
85,0.712,5,9,6,3,5,2,69
53,0.712,2,8,7,7,2,8,82
61,1.267,3,9,6,4,4,2,66
48,-0.188,3,2,4,8,2,8,58
47,0.712,3,9,4,4,4,2,57
78,0.242,2,8,7,7,4,8,73
43,-0.188,2,9,7,5,4,2,68
23,1.267,2,6,7,4,2,2,53
36,1.267,1,1,7,4,4,7,55
56,0.712,2,6,7,6,2,8,60
41,0.712,1,2,6,8,3,8,56
49,0.242,2,8,6,4,3,2,55
45,-1.215,4,8,3,2,3,2,48
43,-0.188,4,9,6,3,4,3,75
50,-0.57,2,8,7,3,3,2,58
60,0.242,2,8,7,5,3,8,74
42,1.267,3,9,5,6,5,2,64
63,0.242,5,8,4,4,4,2,66
48,0.712,3,8,2,2,5,2,44
43,0.712,2,7,5,6,2,7,61
50,0.712,2,6,6,7,4,8,61
40,-0.188,1,3,2,6,2,2,39
45,-0.188,3,7,5,2,5,2,55
63,-0.57,2,6,4,8,2,8,63
53,1.267,2,3,2,2,3,1,38
48,0.712,3,2,3,2,3,2,31
42,-0.188,2,3,3,2,3,2,43
28,0.712,1,3,2,6,3,2,28
53,-0.909,1,2,6,8,2,8,52
55,0.712,2,7,4,3,4,2,66
42,0.242,2,6,6,6,5,8,57
45,-0.909,3,8,5,2,4,1,53
40,-0.188,2,6,5,6,3,8,60
35,-0.57,4,2,3,4,2,2,48
51,1.267,1,7,5,5,3,2,59
58,0.242,2,8,5,2,4,2,70
44,-0.57,2,6,7,4,5,2,68
85,-0.909,4,1,2,2,2,5,36
53,-0.909,3,8,4,4,3,2,66
57,0.712,2,9,4,5,5,2,52
60,-0.188,2,3,5,7,2,8,61
34,0.242,2,1,4,4,1,1,34
55,0.712,1,9,4,4,2,7,75
44,0.712,4,9,6,5,4,2,60
39,-0.57,1,4,1,6,2,8,41
59,0.242,1,4,5,4,3,2,71
60,1.267,2,7,7,8,4,8,75
42,0.242,2,4,2,8,2,8,54
49,0.242,1,2,6,4,3,2,42
45,0.242,2,5,6,7,3,8,73
52,1.267,1,3,6,2,5,5,57
42,-1.485,1,6,7,2,3,2,48
61,0.712,2,8,7,6,5,8,77
44,-0.188,1,5,4,5,2,2,44
53,0.242,2,6,4,2,4,2,57
51,-0.188,2,2,5,2,5,2,46
31,-1.215,2,5,2,6,2,8,48
50,-0.909,3,6,3,1,2,2,55
85,0.242,1,7,7,6,5,8,95
46,-0.909,5,9,1,4,3,2,41
49,-0.57,3,7,4,6,4,8,60
45,0.712,2,8,4,5,4,2,51
42,-1.485,1,2,3,4,2,3,48
48,-0.57,1,8,7,4,2,2,57
51,1.267,3,7,7,6,4,3,58
39,0.242,4,8,2,4,4,2,36
42,1.267,2,8,6,8,5,8,64
66,0.242,4,8,5,3,4,2,55
67,1.267,1,9,6,8,5,8,95
42,-1.485,2,1,1,2,2,3,53
56,0.712,1,6,7,3,5,2,75
44,-0.188,5,9,4,1,3,3,58
82,0.242,1,4,6,3,2,6,59
59,0.712,2,7,7,6,3,8,73
56,0.242,2,7,3,3,3,2,40
47,-0.57,5,9,4,1,4,2,54
39,-1.485,3,3,2,7,2,8,22
42,-1.215,1,2,5,2,4,2,49
50,-0.188,2,9,5,2,5,2,55
22,-0.188,3,4,4,6,2,8,36
57,0.712,1,7,6,7,3,8,53
56,-0.188,4,2,2,2,2,4,44
38,0.242,4,9,4,2,3,2,63
46,0.712,2,9,7,6,4,8,68
43,-1.485,4,8,4,1,2,3,42
49,0.712,4,8,5,5,4,2,45
52,-0.909,2,5,3,4,2,1,39
43,0.242,4,8,5,4,4,2,51
48,-0.57,2,7,7,3,2,2,63
34,-0.909,4,7,4,1,3,3,64
64,0.712,3,8,4,5,5,2,70
44,0.712,2,7,7,8,4,8,56
44,0.242,2,9,5,6,2,2,68
56,-0.188,2,8,4,8,5,8,62
78,0.712,3,8,7,6,4,8,95
63,1.267,1,2,6,8,4,8,42
39,-0.57,4,2,3,3,2,4,44
54,1.267,3,9,7,4,5,2,67
45,1.267,5,9,7,3,4,2,57
39,-0.909,1,4,2,2,2,2,49
37,-0.909,2,2,2,6,3,3,50
53,0.712,5,4,5,2,4,2,56
50,0.242,4,7,4,3,5,2,36
40,-0.909,3,7,6,1,3,3,73
49,-0.57,2,1,1,3,1,2,41
57,0.712,4,8,7,3,4,4,62
37,0.242,5,9,5,3,3,4,55
52,0.242,2,5,4,6,4,1,48
47,0.242,1,1,4,4,2,1,53
25,-0.909,5,9,3,1,4,2,24
52,1.267,3,7,7,2,5,2,65
52,0.712,4,6,4,2,3,2,47
47,0.712,3,4,5,7,2,8,48
55,0.712,4,4,3,6,2,8,28
64,-0.188,1,1,3,8,1,8,37
66,1.267,3,8,5,6,3,2,42
47,-0.909,2,6,3,8,5,8,52
47,0.712,3,6,3,7,2,8,42
62,0.242,2,9,7,6,5,2,86
52,1.267,2,8,7,8,5,8,65
62,-1.215,2,4,6,6,2,8,56
58,1.267,2,9,7,4,4,2,74
62,-0.188,3,7,4,1,1,2,37
49,1.267,4,8,5,3,4,2,54
36,-1.485,2,4,4,2,2,2,57
56,1.267,1,2,6,8,2,8,54
41,-0.188,5,2,3,3,2,3,58
79,-1.485,3,8,3,4,4,2,26
29,-0.188,2,3,4,7,1,8,52
53,0.242,2,8,7,6,5,8,52
52,-1.713,5,2,5,2,3,7,47
36,-1.713,2,1,2,4,1,6,50
53,0.242,2,8,6,8,3,4,81
60,0.712,2,7,7,6,3,2,86
38,0.242,1,4,4,4,2,2,41
37,0.242,3,2,2,2,3,2,17
54,0.712,3,7,5,6,3,4,50
49,-0.188,4,9,4,4,5,1,51
62,0.712,2,9,6,8,5,8,65
54,0.712,2,8,7,7,5,3,61
56,1.267,2,8,5,7,4,8,65
53,0.242,1,6,5,8,4,8,65
54,0.712,2,8,7,4,5,8,66
54,-0.188,3,7,6,2,5,2,75
57,1.267,2,9,6,5,2,8,54
50,-0.188,5,4,5,2,3,3,58
56,0.242,2,7,7,3,3,6,43
15,-1.215,3,2,2,8,1,8,49
55,1.267,2,6,4,2,4,2,51
45,0.242,3,9,5,4,3,4,59
39,-1.215,4,3,3,2,3,2,43
36,-0.188,2,4,2,2,3,3,43
75,-1.215,5,5,7,3,3,2,56
49,-1.485,3,8,3,2,3,2,42
47,0.242,2,9,5,5,3,8,70
50,-0.188,2,7,3,6,2,6,57
39,-0.909,2,4,4,6,3,8,48
62,1.267,4,9,6,4,4,3,67
53,0.242,2,8,5,5,4,2,64
42,-0.909,1,7,7,5,3,2,51
34,-1.215,3,1,1,4,2,6,32
55,0.712,2,7,7,8,2,8,84
43,-0.188,4,6,3,1,3,2,39
54,0.712,2,8,7,8,5,8,69
57,1.267,2,9,6,5,4,8,52
14,-1.215,3,1,2,8,2,8,29
50,-0.188,3,4,3,2,2,2,61
65,-0.57,1,7,6,8,5,8,87
47,0.712,2,9,7,7,4,4,69
46,-0.57,1,7,5,2,3,3,58
37,0.242,1,2,4,4,1,2,45
47,-0.188,5,8,3,3,2,6,52
37,-0.188,2,3,3,4,4,6,50
77,0.712,1,7,5,4,2,1,70
85,-0.909,3,7,6,3,3,2,78
42,1.267,5,9,5,4,5,2,56
66,0.712,2,8,5,2,5,1,86
44,-0.909,4,3,3,4,1,2,40
51,0.712,3,7,6,7,3,1,58
74,0.712,2,9,5,2,5,2,81
55,-0.188,2,7,5,6,3,8,50
52,0.712,1,3,5,8,2,8,73
36,1.267,2,8,6,5,4,2,57
32,-1.485,5,1,1,2,1,4,31
39,0.242,2,9,6,6,4,3,50
56,1.267,1,2,7,7,5,8,57
61,1.267,5,8,4,4,5,1,60
45,0.712,4,7,5,4,2,2,54
35,-0.909,2,1,5,8,2,8,42
51,0.242,1,6,5,2,5,2,61
55,-0.57,2,2,1,7,1,3,59
59,1.267,1,7,4,7,5,8,95
53,0.242,2,7,6,2,5,2,64
52,-0.57,1,2,5,3,3,2,57
38,0.242,1,2,3,5,1,6,41
52,0.712,2,8,7,6,3,8,58
58,-1.485,2,8,6,3,4,2,59
65,1.267,2,9,6,8,3,8,95
42,-1.485,5,1,1,2,2,4,49
74,1.267,2,8,6,6,5,8,95
51,0.712,3,9,7,3,5,2,67
48,1.267,3,9,6,2,5,2,47
50,-0.188,3,8,5,1,4,2,60
38,-0.909,5,1,4,2,4,3,41
43,-0.188,3,5,4,2,3,5,53
56,-1.485,5,8,3,2,3,3,39
46,1.267,5,7,7,2,2,1,53
34,0.712,2,1,2,7,4,8,53
40,0.242,2,8,6,8,5,4,95
62,-0.188,2,4,4,2,3,2,48
43,-0.188,2,4,5,2,5,1,46
61,1.267,2,2,1,3,2,2,17
44,0.242,5,7,5,3,4,2,54
43,0.242,4,8,5,4,3,4,54
54,-0.57,2,1,3,6,3,1,43
42,-0.909,2,3,4,2,2,2,47
44,0.242,3,1,7,8,3,8,62
56,0.242,2,8,6,8,4,8,95
42,-0.188,3,2,4,4,2,3,46
34,-0.909,1,2,4,2,2,2,60
46,-0.188,5,4,5,2,5,2,52
46,-0.909,4,6,1,2,3,7,39
42,0.712,2,6,5,6,4,4,52
64,1.267,1,8,7,5,3,8,86
40,0.712,3,8,6,2,5,2,63
57,-0.909,1,1,4,4,4,6,48
39,0.242,3,7,4,4,5,2,42
53,-0.909,1,1,2,6,2,8,59
47,1.267,5,8,4,3,3,2,37
74,1.267,4,9,7,4,5,2,57
42,0.712,3,8,5,1,3,5,53
18,-0.188,4,9,4,4,5,2,54
18,-1.215,3,2,1,4,2,1,36
60,0.712,1,8,7,5,4,2,66
58,-1.713,5,4,2,3,1,7,39
80,0.712,2,9,7,6,5,8,84
41,-0.57,1,2,5,8,4,8,48
47,0.242,2,9,7,2,5,2,70
46,0.242,4,8,5,6,5,8,50
48,-1.215,4,1,3,1,3,5,42
29,-1.485,1,1,1,3,2,6,73
51,1.267,2,7,6,6,4,8,78
54,-0.909,3,6,5,6,1,8,67
73,0.712,2,9,7,4,3,2,69
61,-0.188,5,7,5,1,4,2,50
45,0.242,2,3,7,8,3,8,51
43,-0.188,2,4,3,3,4,1,40
41,0.242,1,2,5,8,1,8,47
38,-0.909,5,2,2,2,2,4,38
56,0.712,2,1,4,2,4,5,60
76,-0.188,2,4,1,3,1,1,23
61,-0.188,2,5,3,6,1,8,61
40,-0.909,1,3,5,6,4,3,47
68,0.242,2,9,6,2,5,2,63
51,0.242,3,7,5,8,4,8,70
61,-0.909,1,2,5,6,5,8,62
39,-0.188,2,6,5,2,3,5,47
54,1.267,3,8,6,4,5,7,60
34,-0.188,2,3,3,4,2,4,36
51,1.267,2,8,7,6,4,3,76
32,-0.188,3,3,1,3,2,2,45
28,-1.485,1,1,3,4,1,6,32
33,0.242,5,4,2,4,3,4,23
48,-0.57,3,8,4,2,4,3,52
46,-0.909,1,4,4,2,1,7,50
54,-0.909,1,8,5,2,3,1,58
58,-0.909,1,4,4,1,3,5,61
44,0.712,2,8,4,5,4,2,35
61,1.267,5,9,5,4,4,2,86
52,-1.215,5,8,4,1,2,5,56
51,0.712,2,7,7,4,3,2,64
62,0.242,2,9,7,6,4,2,59
49,-0.57,2,4,3,5,3,2,55
37,-0.57,4,2,3,4,1,6,47
42,-0.188,2,9,6,2,4,3,58
57,0.242,2,8,6,8,5,8,77
67,-1.485,3,2,5,2,3,2,60
49,0.712,3,7,5,2,3,2,59
54,0.242,2,6,7,8,4,8,72
34,-0.188,2,8,5,1,4,2,54
43,0.242,2,2,5,5,2,4,44
53,0.712,1,6,4,6,4,8,62
40,0.712,3,9,7,5,5,2,53
52,0.712,2,6,5,7,3,8,56
53,-0.188,3,1,1,2,2,6,29
59,0.712,1,4,7,7,5,8,72
72,-0.188,1,7,6,3,3,2,51
42,-0.909,3,1,1,3,1,7,49
50,-0.57,3,3,6,5,1,8,59
71,0.242,3,7,7,5,4,8,86
53,0.712,2,8,6,7,4,8,67
75,0.712,1,8,6,2,4,1,86
43,0.712,1,3,4,3,3,2,43
56,-0.188,3,7,5,6,3,2,54
51,1.267,5,8,5,3,4,2,60
30,0.242,2,3,3,6,2,3,36
48,0.242,2,9,7,7,3,8,65
85,0.242,1,7,7,7,2,2,89
54,0.712,2,9,6,7,3,1,82
54,1.267,1,9,7,5,5,2,75
42,0.242,5,2,7,3,1,2,25
26,-0.57,4,1,2,1,1,7,45
39,-0.909,5,5,4,4,2,2,50
51,1.267,1,6,7,8,2,8,75
48,0.712,2,7,7,5,2,2,63
50,0.712,2,9,7,7,5,2,65
62,-0.57,2,3,4,2,5,2,61
69,1.267,3,9,7,4,4,2,72
40,-0.188,1,8,6,4,5,2,35
57,-0.188,1,3,7,8,3,8,53
60,0.712,1,1,3,4,2,3,40
44,0.712,2,9,6,5,4,2,78
42,-1.713,2,1,1,2,1,6,49
56,-0.909,2,1,1,2,2,7,37
85,0.712,2,8,7,6,4,8,95
44,0.242,2,8,3,4,3,2,33
48,-0.188,2,7,5,4,2,2,50
44,-1.9,3,2,4,4,2,4,50
58,-0.188,2,9,4,5,4,2,65
46,-0.188,4,7,4,2,5,2,47
44,-0.188,2,7,5,6,3,8,52
49,-0.188,3,5,3,4,2,2,44
42,0.712,1,1,1,6,1,8,49
55,-1.215,1,1,4,8,2,8,39
50,-0.909,1,4,2,8,3,3,53
46,0.712,1,3,6,8,3,8,55
45,-0.909,1,3,3,6,2,8,55
49,0.242,1,8,5,2,2,3,53
54,0.712,2,9,6,5,3,2,52
56,0.712,2,4,5,6,2,8,68
64,1.267,5,7,7,4,2,6,59
61,-1.215,1,1,1,2,2,1,42
32,0.242,3,4,3,5,2,2,49
42,-1.485,2,7,5,4,2,2,60
40,0.242,1,1,5,6,3,1,41
17,-0.57,3,7,2,1,1,7,33
73,-0.57,2,6,4,2,5,2,41
59,1.267,1,8,5,4,3,2,70
43,0.242,2,9,6,7,3,8,66
40,-1.215,1,3,4,6,3,2,52
51,1.267,2,8,6,8,4,8,76
43,-0.909,2,2,2,5,2,3,29
56,-0.188,2,6,4,2,4,7,49
69,-0.188,2,8,5,8,5,8,78
49,-0.57,2,7,3,2,3,2,64
59,-0.188,2,4,7,7,2,3,70
73,-0.188,2,7,7,8,5,8,85
30,-0.909,1,2,3,5,3,2,53
48,0.242,2,5,3,7,3,8,54
72,1.267,2,8,7,4,5,2,53
51,1.267,1,4,5,6,2,3,54
68,0.712,2,6,5,6,5,8,66
51,0.712,2,7,7,6,5,4,67
47,-0.188,4,2,2,3,1,2,14
46,0.242,3,2,5,2,5,2,43
56,-0.188,3,7,4,3,5,2,62
50,-0.57,1,6,3,4,2,2,46
54,0.712,2,8,6,7,3,8,72
41,-0.188,2,7,5,4,3,2,67
82,0.712,2,8,5,2,4,2,65
51,-0.188,4,7,3,3,3,2,55
48,0.242,4,7,4,4,2,1,58
59,0.242,2,5,4,4,3,1,58
26,0.242,2,2,3,3,4,2,40
35,-0.188,4,7,4,3,3,2,52
60,-0.57,3,3,3,3,1,7,27
39,0.712,3,4,5,1,3,2,57
44,0.712,1,9,4,6,3,1,53
44,0.712,2,8,6,2,4,2,48
44,0.242,2,6,6,4,3,7,53
32,-0.188,5,7,2,3,2,2,31
58,0.712,2,9,6,2,4,2,74
56,1.267,1,9,6,4,4,2,57
55,0.242,2,8,5,6,4,6,42
42,0.242,3,8,7,2,4,7,41
49,0.712,2,8,7,7,2,8,59
57,0.242,2,6,6,2,3,2,61
79,0.242,4,8,4,3,3,2,74
62,0.712,2,9,5,5,3,2,65
52,-0.909,1,5,5,3,3,2,59
52,1.267,3,8,2,4,5,4,60
48,-0.909,2,9,4,4,2,2,65
85,-0.188,4,9,7,4,5,2,86
66,1.267,2,5,4,6,4,8,59
42,1.267,3,7,7,3,4,2,56
66,0.712,2,8,7,6,4,2,71
45,0.712,2,7,7,5,4,8,62
61,1.267,4,9,4,5,5,2,33
48,0.242,2,3,4,6,3,2,45
41,0.242,4,7,7,8,5,8,62
55,-0.188,2,7,7,5,3,2,63
60,0.242,4,7,5,5,3,2,65
45,-0.909,4,1,2,1,3,7,37
42,1.267,3,9,7,6,3,3,66
40,0.712,1,7,7,4,4,2,61
55,1.267,2,9,7,8,2,8,79
50,0.712,4,3,2,2,2,7,41
55,0.242,2,4,4,8,4,8,69
58,-1.215,5,8,6,2,4,2,68
52,-0.57,1,1,5,5,2,3,52
56,0.712,1,7,6,6,3,2,76
46,-1.713,1,4,4,8,2,8,59
60,-0.188,2,8,4,7,2,8,81
67,-1.215,1,2,4,6,3,1,46
36,0.242,2,7,7,8,4,8,56
60,-0.57,2,3,7,8,2,8,73
43,0.242,5,8,5,3,5,2,61
55,-0.188,4,7,4,4,5,2,45
37,0.242,4,8,4,4,2,4,52
56,0.242,2,9,6,6,4,8,60
45,-0.188,5,8,2,3,3,2,17
60,1.267,2,9,6,3,4,2,55
37,-0.188,1,1,5,5,3,2,34
85,-1.215,1,1,1,1,2,6,22
55,0.242,2,6,6,8,4,8,66
38,-0.909,2,1,1,6,1,8,43
52,-0.188,2,7,4,6,3,8,61
73,-0.188,2,5,4,7,3,8,60
77,1.267,1,8,6,8,4,8,85
48,0.712,1,4,7,8,2,8,71
85,0.242,2,8,7,4,2,2,64
85,-1.485,5,7,6,1,2,5,66
43,0.712,2,9,6,5,4,8,60
53,-0.188,2,4,3,8,2,8,54
49,-1.215,2,2,2,4,1,8,36
79,-0.909,5,2,1,2,2,4,22
44,0.712,2,1,4,7,1,8,47
17,-0.909,5,1,2,2,3,4,14
50,0.242,2,6,7,6,2,2,57
42,-1.713,2,5,1,4,3,8,49
53,-0.57,2,2,6,4,4,2,48
71,0.712,1,7,7,8,2,8,82
35,0.712,1,8,4,1,3,5,45
39,0.712,2,2,4,8,3,8,54
34,0.242,1,1,1,3,1,6,47
45,-0.188,1,4,4,2,2,2,52
36,-0.57,2,6,5,7,1,2,61
29,0.712,2,1,1,1,3,5,38
55,0.242,3,9,5,3,5,2,68
33,-0.909,2,3,1,5,2,6,14
49,1.267,4,3,7,7,4,8,63
64,-0.909,2,7,6,5,3,8,54
82,-0.57,4,4,4,2,3,2,59
53,1.267,3,9,7,5,5,2,73
50,0.242,2,8,4,5,4,2,45
43,-0.57,2,4,6,5,2,2,56
55,0.712,2,9,7,2,4,2,53
39,-0.188,2,8,2,1,4,3,45
79,-0.909,5,9,6,1,3,2,60
59,-0.909,1,1,5,5,3,2,44
38,0.242,3,5,3,2,5,2,51
77,0.712,4,8,6,3,3,2,67
54,-0.909,4,9,5,2,5,2,58
54,-0.57,3,5,4,3,3,2,59
42,0.242,3,8,3,4,2,2,52
54,-0.188,2,3,1,4,3,3,33
45,-0.188,2,5,4,7,2,8,50
59,0.712,2,7,6,8,3,8,75
58,0.242,3,6,5,3,4,4,48
28,-0.57,5,7,3,2,3,5,28
56,0.242,2,7,4,5,3,6,59
43,0.712,2,4,4,6,2,8,56
47,0.712,2,7,6,8,2,8,76
42,-0.909,5,4,2,3,3,7,17
51,0.712,3,8,5,5,2,8,64
52,0.242,2,9,4,4,4,2,50
47,-1.485,3,1,1,1,1,7,25
51,-0.188,2,7,6,8,4,8,71
56,0.712,2,9,6,6,5,8,89
47,-0.57,1,1,1,1,3,3,51
38,0.242,4,6,1,3,3,4,26
39,-1.215,2,1,1,6,2,6,31
54,0.712,2,8,7,6,4,8,72
80,0.712,4,6,7,6,4,8,88
42,1.267,1,9,7,7,5,8,71
56,-0.188,2,9,5,2,4,2,66
45,0.712,2,7,6,6,2,3,61
49,1.267,2,5,6,7,4,8,69
59,0.242,3,6,7,3,4,2,44
52,0.242,3,7,5,7,3,8,60
55,0.712,4,7,6,4,3,2,57
55,0.242,2,5,5,6,4,8,62
43,0.242,2,4,2,7,4,8,49
46,-0.57,1,1,3,8,2,8,55
61,-0.909,3,7,6,8,3,8,67
66,-0.57,4,4,3,1,3,5,27
56,-1.215,3,2,3,3,1,2,47
58,1.267,2,6,6,8,3,8,77
47,0.712,2,5,7,7,2,8,63
75,0.242,1,5,5,6,3,8,80
44,1.267,2,9,7,7,5,8,56
49,-0.57,1,9,6,2,4,2,63
53,1.267,2,6,5,6,3,2,61
36,-0.57,5,7,4,6,2,8,48
85,1.267,4,9,5,4,5,2,65
53,1.267,2,9,5,2,5,2,61
54,0.712,2,8,7,6,4,8,75
37,-0.57,2,6,1,2,3,2,28
49,0.712,1,6,4,6,4,8,62
56,0.242,2,7,4,2,4,2,61
35,-0.188,4,6,4,2,4,2,46
55,1.267,4,9,5,3,5,2,72
42,0.242,2,7,5,8,5,8,55
42,-1.215,1,1,1,4,2,1,39
52,0.712,2,4,6,6,2,8,58
58,0.712,2,8,5,3,5,2,52
56,-0.188,1,3,6,8,2,8,73
40,0.712,2,6,7,6,3,8,74
14,-0.188,4,1,2,2,2,2,21
48,0.712,2,9,7,6,4,8,65
68,0.712,1,7,7,8,2,8,95
47,-0.188,2,1,4,6,2,8,47
54,0.242,2,9,6,2,5,2,73
45,-0.909,2,1,1,2,3,7,23
42,-1.485,2,7,4,3,3,3,56
64,0.712,2,8,5,7,3,8,64
46,-0.909,5,4,3,2,3,3,53
49,-1.215,2,8,5,2,2,6,66
46,-0.188,5,9,4,4,4,1,48
48,0.712,2,9,6,1,3,5,59
39,0.712,3,4,5,8,4,8,63
43,-0.57,2,6,7,6,2,8,95
61,1.267,2,8,7,8,2,8,68
57,1.267,2,8,5,4,5,1,61
18,-0.57,2,1,1,4,2,6,24
38,-1.485,5,2,3,2,2,2,50
43,1.267,5,8,4,4,4,2,48
51,1.267,2,7,7,8,4,8,81
40,-0.188,3,3,5,1,2,4,53
48,-0.57,2,4,3,2,3,2,50
61,0.712,2,9,7,6,5,8,80
40,0.242,4,6,4,1,2,5,51
42,-0.57,1,3,5,5,2,2,52
73,1.267,2,9,7,6,5,2,88
70,-0.909,2,9,6,6,3,8,89
51,0.242,2,7,6,7,3,8,75
56,0.712,2,8,6,2,4,2,68
29,0.242,1,1,3,6,2,1,53
63,0.712,3,9,7,5,3,2,60
64,1.267,2,9,7,6,5,8,73
28,-0.57,4,1,2,2,3,6,14
41,0.712,3,7,4,4,3,2,44
51,-0.188,4,9,4,1,4,2,51
51,-0.909,2,6,4,6,3,8,47
39,0.242,1,1,5,8,1,8,37
41,0.712,2,4,7,8,3,8,51
58,0.712,5,7,5,7,3,8,63
75,0.242,2,5,4,2,3,2,76
42,-1.215,1,1,1,4,2,6,50
41,-0.188,1,2,6,2,4,3,53
38,-0.909,1,2,1,6,2,6,42
41,0.712,4,8,3,4,5,7,35
58,-0.57,5,6,2,2,3,5,45
43,0.712,2,4,4,5,2,2,53
52,-1.215,4,8,4,1,2,2,54
51,0.242,2,7,5,8,3,8,60
34,-0.188,2,1,3,2,3,3,34
41,-0.57,2,2,3,7,2,8,53
53,-0.188,2,6,7,6,3,8,67
57,-0.188,1,7,7,5,4,2,60
58,0.712,2,5,7,8,2,8,69
51,-1.485,3,7,6,2,4,2,44
55,0.712,4,9,7,3,4,2,58
43,0.242,3,8,3,3,3,2,28
43,-0.188,3,5,1,2,4,2,35
39,-0.57,1,2,5,7,2,8,54
51,1.267,2,7,4,4,5,2,58
69,0.242,3,2,5,1,3,5,53
50,0.242,3,4,5,8,3,8,48
53,0.712,4,9,6,5,4,2,70
39,1.267,3,7,2,4,4,3,48
52,-1.215,4,8,6,3,5,2,71
60,1.267,4,5,4,3,4,2,61
76,-0.909,1,1,4,2,4,1,53
58,-0.57,1,7,5,2,5,2,76
16,-0.188,3,8,4,5,3,2,41
58,0.712,1,7,7,3,4,2,59
42,-1.485,4,3,5,4,2,4,53
70,0.712,1,6,7,6,5,8,95
52,0.712,5,8,5,1,5,5,55
41,0.242,4,5,3,5,3,2,41
47,-0.57,4,5,2,1,2,5,41
39,-0.57,4,8,4,2,5,2,47
49,0.712,3,8,5,3,5,2,62
41,-0.909,2,2,2,7,1,8,50
41,-0.909,5,6,3,3,2,2,37
54,1.267,2,8,6,6,4,8,65
48,0.242,2,6,3,1,4,2,52
55,-0.188,5,2,1,4,2,6,39
52,0.242,1,5,4,8,5,8,60
42,-0.909,2,3,3,1,4,2,39
82,-0.188,2,4,7,6,2,8,75
57,-0.188,1,6,5,5,3,1,54
41,-1.215,5,1,2,3,2,2,43
56,0.242,4,1,2,4,1,4,39
51,0.712,2,7,5,6,3,8,71
46,0.712,4,8,5,2,5,2,49
51,0.242,2,8,7,7,3,8,75
30,0.242,3,8,3,1,3,6,22
60,0.712,1,8,7,7,5,8,86
45,0.712,2,7,6,5,4,2,57
56,-0.57,1,5,5,4,4,2,63
37,-0.188,2,4,2,6,1,3,43
47,-0.188,2,6,4,3,4,2,37
57,0.712,2,3,3,8,5,8,60
54,0.242,4,8,5,7,5,8,58
65,-0.188,2,6,3,6,3,8,61
56,-1.215,4,4,3,2,2,2,41
10,0.712,2,9,7,4,4,1,80
52,-0.57,1,6,7,6,4,8,80
53,0.712,2,8,6,8,5,8,77
26,-1.215,5,3,4,3,1,1,58
59,0.242,5,9,5,4,4,4,72
61,-1.713,1,1,1,7,3,8,41
41,-0.909,2,6,5,2,4,2,55
58,0.242,2,9,2,2,4,2,44
39,-0.188,2,5,4,2,2,6,50
43,-0.909,1,6,4,3,4,2,50
58,-0.909,3,6,5,1,3,5,57
41,-0.188,4,8,6,2,5,4,51
58,-1.485,1,3,3,8,3,8,30
46,0.242,2,8,6,2,5,4,66
48,0.242,4,8,5,3,4,2,60
38,0.242,2,6,3,5,2,2,50
55,0.712,2,8,7,6,4,8,73
43,0.712,2,3,5,6,4,8,46
52,0.712,2,6,5,7,3,8,63
43,0.712,1,3,6,5,3,8,42
56,-0.909,1,1,7,8,3,8,68
55,1.267,1,3,7,8,2,8,54
51,-0.57,3,2,4,1,4,2,64
58,-0.188,2,6,7,4,2,4,76
72,1.267,4,4,6,8,3,8,84
42,-0.188,2,5,7,8,2,8,74
65,-0.909,4,5,4,3,3,2,51
49,0.242,2,8,4,7,3,1,66
55,-0.57,2,6,7,8,3,8,73
34,0.712,5,8,5,5,1,1,47
52,1.267,3,7,7,8,2,8,67
51,0.242,2,7,5,2,4,1,64
51,1.267,2,8,5,6,4,3,66
58,-0.909,3,4,4,4,4,3,45
57,-0.57,2,5,7,8,2,8,78
52,-0.57,1,3,1,6,3,8,64
58,0.242,2,2,1,2,3,5,39
47,0.712,5,8,6,5,3,8,56
42,-0.57,1,3,4,3,3,1,37
52,0.242,4,9,7,3,4,2,71
58,1.267,3,7,7,3,3,1,59
51,0.712,2,2,7,8,3,8,63
50,-0.57,1,5,4,4,2,2,70
46,0.712,2,8,6,6,4,8,58
40,-0.909,5,9,4,5,4,2,67
42,0.242,2,8,2,7,3,8,58
37,0.712,2,6,5,7,3,8,57
30,-0.909,1,3,1,1,3,7,50
58,0.242,3,7,5,2,5,2,61
48,0.712,2,2,5,7,5,8,59
68,-0.188,4,7,5,1,4,5,51
57,0.712,1,5,7,7,3,8,62
52,-0.57,2,3,7,8,2,4,68
73,1.267,2,8,6,8,5,8,62
30,0.242,2,2,4,8,3,8,34
85,-0.57,4,3,3,8,3,8,87
52,0.242,3,3,4,2,4,3,43
54,0.242,5,1,3,2,2,1,64
35,0.712,1,3,7,8,2,8,41
60,0.242,3,8,5,2,3,1,62
47,0.242,1,6,4,2,2,2,72
45,0.242,3,6,4,3,4,7,35
50,0.242,2,7,5,1,4,2,57
58,0.712,2,9,6,8,3,8,73
40,-0.57,3,7,3,5,2,2,45
53,0.242,2,1,2,1,4,7,42
40,-0.57,1,1,3,3,1,6,36
58,0.712,2,9,6,5,5,2,68
39,0.712,2,5,3,4,3,2,43
51,0.712,5,9,5,4,3,2,64
82,0.712,3,8,5,2,4,5,52
49,-0.188,4,9,5,2,5,2,48
50,-0.57,5,8,2,4,3,2,50
55,1.267,2,7,7,7,5,8,63
45,-0.909,4,3,4,1,4,2,58
65,0.712,2,2,4,2,2,3,69
85,0.242,3,8,6,3,4,2,66
44,0.712,1,5,6,7,3,8,66
79,-0.57,2,1,2,3,1,3,45
45,-0.188,2,8,6,3,5,2,55
49,-0.57,1,3,5,8,3,3,51
54,0.712,3,6,4,2,4,2,56
85,0.712,2,7,6,7,3,8,95
45,-1.215,1,1,4,6,2,8,45
50,0.712,3,5,5,5,2,6,55
40,-0.57,1,1,3,6,2,8,37
36,0.242,2,6,1,6,2,6,40
55,1.267,2,9,5,4,5,2,65
58,-1.215,4,3,3,1,3,5,49
55,-0.57,1,2,5,1,3,2,61
39,1.267,2,8,5,5,3,2,64
49,0.712,4,8,5,2,4,2,62
42,-0.909,2,7,6,2,4,2,47
46,0.712,2,2,4,8,3,8,74
55,-0.188,2,8,6,2,5,2,64
34,-0.909,1,1,3,7,1,8,49
54,0.712,4,7,3,4,5,2,28
53,-0.909,3,3,5,2,4,4,75
54,-0.57,2,8,4,3,4,2,59
63,1.267,1,9,7,7,4,8,81
51,-0.188,2,6,5,6,4,8,56
60,-0.188,1,6,5,1,4,2,60
50,-0.57,1,1,4,8,1,8,59
60,-0.188,2,6,5,3,2,2,52
50,1.267,2,8,7,8,4,8,66
52,0.712,2,6,4,6,3,8,72
66,-0.57,2,5,7,8,3,8,85
51,0.712,5,6,5,3,3,4,53
78,-0.188,5,9,7,6,5,8,76
48,-0.909,4,3,4,3,3,4,70
43,-1.485,1,1,1,4,2,6,34
43,-0.57,1,1,5,7,2,8,54
79,0.712,1,5,7,4,4,2,75
56,0.242,3,4,2,4,2,4,33
49,0.712,3,8,6,5,2,2,68
48,0.712,2,8,5,2,4,2,57
61,0.712,2,8,5,8,2,8,78
38,0.242,3,7,3,4,3,2,30
60,-1.485,5,1,1,2,1,7,38
58,0.242,4,8,4,3,4,2,40
44,-1.485,2,1,3,4,1,2,58
47,0.242,4,5,5,2,3,3,51
39,1.267,4,9,6,5,4,8,60
52,-0.188,1,6,4,4,3,2,51
41,-0.188,4,6,4,2,2,2,47
54,-0.188,1,1,4,8,1,8,51
44,0.242,1,4,5,2,3,5,58
38,0.242,2,7,6,5,4,2,46
34,-0.909,5,4,2,2,4,2,41
63,-0.57,3,9,5,2,4,2,59
41,-0.57,5,9,1,2,3,2,53
75,1.267,2,8,6,2,4,2,80
34,-1.485,3,9,3,2,4,2,49
57,0.242,3,8,5,2,4,2,58
38,-0.188,4,5,2,4,5,2,48
59,0.242,1,4,5,4,5,2,64
74,0.242,2,7,6,2,5,2,61
36,-1.485,1,2,3,2,2,2,43
36,1.267,4,9,7,3,4,2,48
41,-0.57,3,2,3,5,3,6,45
54,0.242,2,8,5,3,2,2,43
44,0.242,2,8,3,2,5,2,53
48,-0.188,4,9,5,4,4,2,52
32,-0.909,1,1,2,4,5,3,40
82,1.267,2,5,5,6,3,2,69
45,0.712,4,7,4,4,3,2,45
31,0.712,5,7,2,4,4,2,39
82,0.242,2,7,3,8,3,8,38
60,-0.188,2,3,4,1,3,2,57
65,0.242,5,4,5,3,3,2,63
56,0.712,2,9,7,6,4,8,76
29,0.712,2,7,1,7,5,8,55
59,-0.188,2,7,3,6,2,3,71
44,0.242,4,8,4,6,3,8,54
49,-0.57,1,1,1,5,3,8,58
72,1.267,2,9,6,3,4,2,70
42,-1.485,2,1,1,3,2,7,48
49,-0.188,2,5,7,2,5,2,57
65,0.242,4,7,5,6,2,8,84
57,0.712,2,9,7,4,4,2,52
60,-0.909,4,3,3,2,3,2,54
49,-0.57,2,5,3,2,3,2,65
37,-1.215,4,7,3,2,4,5,66
61,-0.57,1,6,6,8,3,8,85
54,1.267,1,9,7,4,4,2,69
45,-0.909,2,5,2,2,3,2,42
59,0.242,2,4,5,8,2,8,58
76,1.267,1,8,7,8,3,8,67
16,1.267,5,8,1,1,3,3,59
14,-0.57,4,7,3,3,2,2,34
52,-1.215,3,3,3,2,4,2,56
37,0.242,5,4,1,4,3,3,40
55,0.242,1,2,6,8,3,8,51
30,-1.215,2,7,4,3,3,2,34
36,-0.188,2,6,4,5,4,2,49
41,-0.909,1,6,2,2,3,2,17
69,1.267,2,8,7,2,4,2,86
56,-0.188,2,9,7,4,4,8,50
54,0.712,5,5,3,3,3,2,49
46,0.712,4,9,6,4,4,7,47
41,-0.188,2,2,5,4,3,7,69
45,0.242,2,9,5,6,3,4,67
49,-0.57,2,8,7,5,5,2,54
47,-1.713,4,5,4,2,2,2,49
51,0.712,2,7,5,7,3,8,66
63,0.712,3,8,7,4,4,1,86
45,-1.485,5,7,3,4,3,2,62
40,0.712,4,6,4,2,5,2,46
48,-1.215,5,3,3,3,1,4,51
68,1.267,4,9,7,5,5,2,73
28,0.712,5,4,3,1,1,5,47
49,-0.188,3,1,2,3,3,2,45
59,0.242,2,7,6,6,2,8,81
47,-0.188,1,2,5,2,5,2,63
85,-1.713,3,2,1,2,2,2,75
60,-0.909,4,1,2,2,3,7,53
59,0.242,2,7,7,5,5,8,65
57,0.712,2,8,4,4,3,2,62
34,0.242,1,1,4,1,3,5,45
56,0.242,2,7,5,6,5,8,60
54,0.712,4,7,5,2,4,2,68
39,-0.909,4,8,3,3,3,2,52
59,1.267,2,9,7,4,5,2,78
51,1.267,2,7,5,7,2,8,67
57,1.267,2,8,6,8,3,8,58
58,1.267,2,6,6,2,4,2,52
43,-0.57,2,5,5,2,3,2,47
37,0.242,5,4,4,6,3,3,46
60,-0.188,3,9,7,4,4,2,69
46,-0.909,2,8,7,7,3,8,59
56,-1.9,5,1,4,1,3,1,60
65,1.267,5,8,7,3,5,2,67
53,0.242,2,7,6,5,2,2,72
51,1.267,1,7,7,8,4,8,67
58,-0.57,1,1,2,4,2,6,22
39,-1.713,3,1,1,2,2,4,27
29,0.242,5,9,3,3,5,2,55
42,-0.188,4,6,3,5,3,2,43
57,0.712,5,4,3,2,5,2,54
38,-0.57,2,1,1,2,2,3,27
43,0.712,3,2,2,4,3,6,33
49,-0.188,2,7,7,6,4,3,55
39,-0.909,5,1,1,2,2,4,47
58,-0.57,5,4,2,3,3,2,53
57,0.712,3,3,4,4,3,7,38
40,0.242,1,4,3,5,4,2,54
55,0.242,2,8,7,6,4,2,59
85,0.242,2,9,7,6,4,1,95
42,-1.9,4,2,2,2,2,2,39
76,0.242,3,8,6,2,5,2,56
35,-0.57,5,8,4,2,5,7,42
42,0.242,1,4,5,4,2,1,49
42,0.242,3,8,5,5,2,4,53
70,1.267,1,3,7,6,4,8,86
67,0.712,2,6,7,4,3,2,62
55,0.712,1,8,6,3,3,1,65
36,-0.57,3,1,2,2,3,7,50
54,-1.485,3,3,3,1,3,7,44
43,-0.909,1,2,4,6,3,1,51
53,0.712,2,7,7,8,5,8,82
52,1.267,1,4,6,6,2,8,78
43,1.267,2,7,6,7,2,4,62
56,1.267,2,5,7,7,4,8,55
35,0.242,2,8,4,4,3,2,58
71,-0.57,5,6,4,2,2,4,51
50,0.242,1,3,5,5,2,2,66
37,0.712,2,3,5,6,3,8,57
49,1.267,2,7,7,6,2,2,63
40,-0.57,1,1,1,5,2,2,48
58,0.712,2,9,6,4,5,2,58
59,1.267,2,8,6,7,5,8,63
53,0.712,4,7,6,2,4,2,57
56,-1.215,4,8,5,2,3,2,47
53,-0.57,2,4,2,2,3,2,43
64,-0.188,3,8,6,3,5,2,63
50,-0.57,4,4,3,3,2,1,48
39,-0.188,1,5,4,2,3,2,36
39,0.242,3,3,1,4,3,2,38
44,-0.57,1,3,5,5,3,2,52
51,-0.188,2,7,7,6,3,8,59
56,0.242,2,5,5,5,2,3,58
56,1.267,3,9,5,6,5,8,74
72,1.267,2,8,6,2,4,2,73
37,-0.57,4,8,3,1,4,2,48
37,-0.188,2,4,5,5,2,2,50
50,0.242,2,8,5,2,4,2,57
55,-0.188,5,7,4,4,2,2,58
51,-0.188,2,6,5,8,3,8,58
43,0.712,2,8,1,4,3,1,44
57,-0.909,2,8,7,5,3,8,74
41,-1.485,3,1,2,1,3,3,52
46,0.242,2,7,6,3,3,2,58
63,0.712,2,8,5,6,3,2,95
51,0.712,2,8,5,4,4,2,43
46,-0.188,2,3,3,3,3,2,44
48,-0.57,2,3,4,3,3,2,29
60,0.242,2,9,7,6,5,8,85
38,0.242,3,8,6,6,4,2,52
41,-0.57,1,3,4,2,3,2,48
49,0.242,1,2,6,6,2,8,66
65,1.267,2,9,5,4,4,2,68
37,-0.188,2,7,6,5,5,2,50
55,0.712,2,8,7,4,2,4,69
44,1.267,3,8,5,6,3,3,59
67,-1.485,4,3,3,2,3,2,72
56,0.712,3,6,4,2,4,2,61
54,0.712,2,9,7,7,5,8,77
52,0.242,2,9,5,6,3,8,69
51,-1.215,5,4,6,1,2,2,45
30,-0.909,1,4,4,4,2,2,42
53,-0.188,2,8,5,6,3,8,61
58,1.267,1,8,7,3,5,2,68
44,0.242,5,8,5,1,4,2,61
55,0.712,2,8,6,8,4,8,63
57,-0.909,2,7,4,6,2,3,70
46,-0.188,1,7,5,4,3,2,69
60,-0.188,4,8,6,3,3,3,65
47,-0.188,5,8,4,6,4,2,47
53,1.267,2,2,6,8,2,8,67
53,-1.215,2,4,5,5,2,1,57
51,0.712,2,7,7,7,5,8,67
50,0.242,2,6,4,4,4,3,52
52,0.712,5,9,5,4,2,2,62
43,-0.57,2,3,3,6,1,8,31
53,-1.485,2,4,4,2,2,2,56
53,0.712,1,8,5,4,5,2,56
51,0.712,2,8,5,6,2,8,90
44,0.242,2,8,5,2,3,2,55
52,0.242,2,6,7,8,5,8,67
44,-0.909,5,6,1,2,2,4,50
60,0.242,5,8,4,5,3,2,61
43,0.242,1,7,2,4,3,2,38
56,-0.909,4,3,4,4,1,4,60
54,1.267,1,5,3,3,4,2,51
63,0.242,2,5,5,8,2,8,64
49,-0.188,2,5,1,8,1,8,14
82,-1.215,2,1,3,3,3,4,52
46,-0.188,3,6,5,3,2,2,52
42,-1.713,2,7,3,3,3,2,45
75,-1.215,2,7,3,1,4,2,53
81,-0.188,1,7,5,4,5,2,57
46,-0.909,1,1,5,3,3,1,53
42,-0.909,2,7,3,1,3,5,54
54,0.712,1,3,7,8,2,8,63
85,1.267,1,9,6,3,5,2,86
43,0.242,4,7,7,3,4,2,55
54,0.712,3,9,7,4,5,8,72
45,0.242,2,8,3,4,3,2,44
39,0.242,5,8,4,4,4,2,49
68,0.242,2,7,1,2,3,2,28
47,-0.57,1,1,6,7,5,8,79
39,-0.57,1,1,2,6,3,8,34
70,0.712,5,6,6,3,5,2,60
55,-0.188,1,7,4,2,5,2,50
39,-0.57,2,2,7,8,2,8,52
41,-0.57,1,6,5,6,5,8,56
58,-1.215,1,9,5,2,5,2,56
57,1.267,2,4,6,6,3,8,76
66,1.267,2,9,7,6,5,8,81
49,0.712,2,9,6,5,5,2,72
61,-0.57,1,7,4,4,3,2,65
54,0.712,2,7,5,4,5,2,64
52,0.712,2,7,5,4,2,2,45
39,-0.57,2,8,5,2,5,3,57
45,-0.909,2,2,5,7,1,8,49
47,-0.57,4,1,4,1,3,5,48
41,-1.215,4,1,2,5,2,2,42
33,0.712,2,6,6,3,5,5,38
44,-0.188,1,3,4,6,2,8,58
50,-0.188,1,2,3,5,5,2,44
57,1.267,2,8,6,4,3,2,58
43,-0.909,2,3,3,5,2,2,54
52,0.712,1,7,7,2,5,2,74
48,-0.57,3,5,3,5,3,2,49
47,0.242,2,3,5,6,4,3,54
32,0.242,3,6,1,4,5,2,31
85,1.267,2,8,7,4,5,2,77
51,1.267,2,6,7,8,3,8,79
53,-1.215,3,5,5,5,2,6,51
59,0.242,2,7,6,8,3,8,54
45,-1.485,2,1,1,4,3,6,34
56,0.242,3,8,4,5,2,2,48
24,-0.188,2,3,1,5,4,2,24
85,0.712,2,6,4,7,4,8,85
51,0.242,2,7,6,6,2,8,66
42,-0.57,4,4,1,1,2,5,49
52,-0.57,1,7,6,6,5,8,89
60,-1.485,5,1,1,2,2,7,14
52,1.267,2,9,7,8,3,8,52
50,0.242,4,8,5,3,3,2,56
64,-0.188,3,5,4,1,3,5,52
55,0.712,1,4,4,2,5,2,59
67,-0.909,2,7,7,6,5,8,76
48,0.242,2,6,5,2,5,2,68
54,-0.188,1,2,4,8,3,8,49
43,-0.188,1,4,7,6,2,8,85
42,-0.188,3,4,4,1,4,5,60
45,0.712,2,9,6,8,4,8,61
47,0.712,2,8,7,7,2,8,68
50,-0.57,2,7,4,2,5,2,37
58,-0.57,3,8,4,3,3,2,59
38,0.242,1,2,4,4,1,2,47
58,-0.909,5,2,5,2,3,2,59
47,0.712,2,6,5,2,4,5,52
55,1.267,2,9,7,7,3,8,60
41,0.242,2,9,6,6,5,2,68
56,0.712,4,7,6,6,4,8,78
56,0.712,3,2,2,2,3,1,46
52,0.712,2,9,7,8,5,8,64
31,-0.188,4,2,3,2,2,4,39
33,-1.215,2,1,2,1,3,3,34
34,-0.188,1,4,4,5,3,6,39
45,0.242,3,7,5,3,5,2,63
42,0.242,2,3,3,4,2,2,53
58,0.242,1,8,6,2,5,2,46
65,0.712,2,7,7,7,2,8,79
30,-0.909,1,5,5,4,2,2,53
53,-0.188,1,1,5,8,2,8,61
42,0.242,5,5,6,3,3,2,55
46,0.242,1,5,2,6,3,3,47
53,0.712,2,4,4,8,3,8,63
40,1.267,3,4,5,2,5,2,46
45,-0.188,3,7,4,3,2,2,50
47,1.267,2,8,6,7,5,3,70
58,-0.188,1,4,4,7,3,8,64
53,-1.215,2,7,6,5,2,3,86
61,0.242,3,8,4,1,3,5,67
58,-1.713,2,4,7,3,2,1,49
60,1.267,4,9,4,2,4,2,65
41,-1.215,2,1,4,6,2,8,50
51,-0.188,2,9,7,8,2,8,67
59,1.267,4,8,5,2,4,2,52
44,-0.188,3,1,5,1,3,5,58
57,0.712,4,5,4,1,3,5,71
55,0.712,1,1,7,4,4,3,65
58,1.267,1,8,7,4,5,2,70
60,0.712,4,6,6,2,3,2,68
58,0.712,5,8,2,3,4,2,56
42,-0.188,3,3,1,4,2,2,29
33,-0.909,1,5,5,3,4,2,52
40,0.242,2,3,5,7,2,8,52
69,0.712,2,9,7,6,5,8,95
52,0.712,2,5,6,2,4,2,64
50,-0.909,5,4,3,2,2,2,50
39,-0.188,4,4,1,1,3,3,38
38,-1.485,3,3,2,3,2,8,42
39,-0.188,4,3,3,3,3,6,52
55,0.712,2,2,7,8,2,8,50
53,0.712,1,8,6,6,5,2,62
60,0.712,3,8,7,6,5,8,68
45,-0.188,2,5,3,7,3,3,51
41,1.267,5,8,3,4,4,2,44
48,0.242,4,7,4,1,3,5,60
55,-0.188,5,7,4,2,2,2,58
35,-1.215,5,1,2,3,1,3,40
42,-1.485,2,1,1,2,1,2,56
56,0.242,4,7,5,2,5,2,60
56,-0.188,5,5,2,1,2,6,41
46,0.242,4,3,2,4,3,2,48
55,-0.57,2,6,7,6,2,8,71
45,-0.188,3,5,4,2,4,2,51
50,0.712,2,3,7,5,3,8,50
33,-0.188,3,7,5,6,3,2,50
63,0.242,2,8,7,7,4,8,68
42,-1.215,4,1,1,3,2,3,42
31,1.267,2,6,3,2,2,2,41
41,-0.57,2,5,6,4,2,1,59
47,-0.188,4,3,5,3,2,2,62
47,0.712,3,9,6,4,5,2,64
80,0.712,2,7,7,6,5,2,89
58,0.712,3,6,4,4,4,4,58
42,0.242,2,8,5,6,4,2,40
53,-0.57,2,7,5,2,4,2,68
40,0.712,4,6,4,3,2,2,40
57,1.267,2,8,6,3,5,2,68
42,0.242,4,9,6,5,4,1,48
58,0.712,4,8,5,2,4,2,68
10,-0.909,5,1,2,4,1,6,33
42,-0.57,2,6,5,2,4,2,60
48,0.242,3,5,4,4,4,2,46
85,-0.909,4,2,3,2,2,2,78
67,1.267,2,6,5,5,3,1,65
25,-0.57,5,5,2,2,3,7,51
38,0.712,1,1,5,7,2,8,47
61,0.242,2,8,7,7,3,8,88
57,-0.188,3,7,1,4,3,2,28
55,0.712,2,8,6,4,5,2,70
38,-0.188,2,7,3,4,2,7,65
52,-0.57,2,8,7,5,2,3,64
43,0.242,2,5,6,7,3,8,58
64,0.712,3,7,7,6,4,8,95
39,0.242,4,7,6,4,3,4,66
33,1.267,1,8,5,2,4,2,51
60,1.267,2,9,6,6,4,2,75
14,0.712,5,8,1,4,3,1,37
48,1.267,2,8,6,2,5,2,62
47,-0.188,1,3,3,2,5,2,41
41,0.712,3,8,3,4,5,2,49
45,-0.188,2,9,3,4,3,2,53
42,-0.57,3,9,5,2,4,2,62
59,-0.57,3,1,5,1,3,4,58
85,0.712,2,9,7,6,5,8,88
48,0.712,2,6,7,6,4,7,32
56,0.242,1,6,5,2,4,2,53
29,-0.909,5,3,2,2,3,2,21
43,0.712,2,9,5,8,5,8,57
44,1.267,2,9,5,8,4,8,75
52,0.712,2,9,6,3,4,2,55
46,0.242,1,6,6,5,2,2,65
60,-0.188,2,7,5,6,3,8,72
33,0.242,1,1,1,4,2,6,31
57,1.267,2,9,7,8,3,1,63
60,0.712,2,6,7,2,5,7,54
48,-0.57,2,1,4,5,2,6,56
73,0.712,1,7,7,8,5,8,95
54,1.267,3,7,6,4,5,2,71
48,0.712,1,4,7,6,3,8,79
42,0.712,1,9,5,4,5,1,62
39,-0.57,5,7,2,1,2,2,52
61,0.712,4,9,7,4,5,2,71
42,0.242,2,7,3,4,3,2,43
71,0.712,3,8,6,6,5,2,67
57,-0.909,2,7,7,8,5,8,60
78,1.267,2,9,7,5,4,1,57
42,-0.909,1,2,4,8,2,8,54
43,-0.909,4,7,4,2,3,4,56
32,-0.188,5,5,2,3,1,4,59
42,-1.485,1,5,6,2,3,2,54
29,-1.215,2,4,2,5,3,2,39
56,-0.57,4,4,2,3,1,2,34
41,0.242,3,9,6,3,3,2,57
40,-0.188,2,1,5,3,2,3,61
59,0.242,1,9,7,2,5,2,60
59,0.712,1,7,6,6,3,8,71
49,0.242,2,7,7,8,2,8,78
37,-0.57,2,8,3,4,4,6,47
52,-0.188,3,7,2,6,3,1,52
52,0.712,1,8,7,5,2,2,70
48,0.712,3,4,4,4,3,2,33
55,0.242,4,8,4,1,2,2,57
59,0.242,3,8,3,3,3,2,60
58,-0.57,2,2,6,6,2,4,70
49,1.267,2,9,7,3,5,2,76
54,-0.188,1,8,7,4,5,2,68
37,-0.909,4,3,3,3,1,4,52
53,0.242,1,2,6,8,2,3,56
43,-0.57,2,4,2,6,4,8,60
44,0.712,3,6,5,5,4,7,48
60,0.712,2,8,5,5,3,2,65
53,0.712,2,9,6,3,5,2,58
42,0.712,5,6,6,4,3,2,53
57,1.267,1,8,7,6,4,2,62
50,0.712,1,2,4,7,2,8,50
58,-0.188,3,3,2,1,2,1,47
51,0.712,1,8,6,4,3,2,68
55,1.267,2,8,7,8,4,8,87
54,1.267,2,9,7,7,5,8,80
58,-0.188,2,3,6,4,5,1,55
46,-1.215,1,2,6,7,2,8,63
40,-0.57,5,7,2,5,3,2,48
82,0.242,2,8,7,5,3,2,62
45,-0.909,3,3,3,2,2,2,25
42,-1.485,4,1,1,2,1,7,49
50,0.242,2,3,5,8,3,8,55
53,-0.188,3,7,4,8,2,8,62
51,0.242,4,3,7,5,3,2,57
44,0.242,2,3,7,8,3,8,65
66,-0.909,2,1,3,5,1,6,27
49,0.242,1,5,3,6,3,2,59
68,-0.188,2,8,5,2,5,2,70
73,1.267,2,9,5,4,5,2,71
50,0.712,4,5,5,4,2,2,46
58,-1.215,2,1,2,5,1,3,47
32,-0.188,3,1,2,6,1,6,23
58,1.267,2,9,7,8,4,8,95
51,1.267,5,7,5,4,4,2,52
41,-1.713,3,2,1,4,2,2,34
52,-0.188,5,7,5,4,3,1,55
61,0.242,2,9,7,4,4,2,75
85,0.242,3,9,6,2,5,1,86
57,0.242,2,8,5,8,5,8,95
61,0.712,1,7,7,5,4,2,63
42,-0.909,2,8,6,6,3,8,53
52,-1.215,1,2,1,1,3,1,58
50,-0.57,1,2,5,8,3,8,53
54,0.242,5,8,4,4,4,2,72
49,1.267,3,9,6,2,4,2,79
51,-0.57,3,7,6,1,4,2,36
85,-0.909,4,6,2,3,3,3,62
61,0.712,2,8,6,3,5,2,60
76,1.267,2,7,7,6,5,1,84
61,0.242,3,4,5,4,3,2,58
82,-0.57,1,5,5,2,3,2,72
43,0.712,3,8,5,5,4,2,59
63,-0.188,3,1,1,2,1,3,43
38,-0.188,2,8,3,2,5,2,46
54,0.242,4,7,6,4,5,2,57
55,-0.909,3,6,5,7,3,8,54
57,0.242,2,9,6,7,5,8,60
56,0.712,5,5,5,2,2,2,62
56,0.242,5,3,7,3,3,6,70
71,1.267,2,7,7,7,3,8,95
59,0.242,4,5,5,2,5,2,74
42,0.712,3,3,3,5,2,6,60
46,-0.188,2,2,3,5,2,8,32
29,0.242,1,2,1,3,4,7,33
41,-0.188,4,3,4,2,3,4,35
33,-1.215,5,1,3,2,1,4,54
56,0.242,2,9,7,7,5,8,67
48,-0.909,2,8,4,2,4,2,51
51,1.267,3,2,6,2,4,2,57
35,0.712,2,6,4,4,3,2,52
54,0.712,2,4,4,8,3,8,74
34,-0.57,2,9,4,4,3,2,46
42,-0.188,2,8,7,5,2,2,63
53,0.242,2,9,7,4,3,4,55
49,0.242,2,7,7,7,5,8,87
42,-0.57,5,8,5,3,4,3,54
42,-1.485,5,7,1,3,2,2,49
79,-0.57,2,2,7,8,3,8,61
51,0.242,2,9,5,3,5,2,60
56,1.267,2,7,6,8,5,8,61
54,-0.188,1,4,5,6,4,8,54
43,0.242,2,2,6,7,2,8,59
46,-0.909,3,1,3,2,2,2,39
60,0.712,2,9,7,5,4,2,73
37,-0.57,3,7,4,2,4,2,40
57,0.712,4,9,6,2,4,1,61
56,-0.909,3,7,4,1,2,5,54
40,0.242,1,7,5,8,5,8,40
50,0.712,3,7,6,2,2,4,71
50,-0.188,2,8,6,3,3,2,62
49,-0.188,2,7,4,2,4,3,60
35,-0.188,2,2,2,4,4,2,45
43,-0.188,3,9,5,7,3,8,48
31,-0.57,1,3,5,8,2,8,38
45,-0.57,3,8,6,4,2,2,64
39,0.712,5,9,3,4,4,3,45
55,0.712,2,8,6,6,5,8,66
54,0.242,2,8,3,2,4,2,57
66,-0.188,2,2,4,1,3,5,57
13,-0.57,5,1,1,2,3,5,34
51,-0.188,3,3,3,2,3,2,54
48,1.267,2,7,6,5,3,8,61
47,-0.909,4,6,5,1,2,2,47
48,-0.188,2,7,3,2,3,2,41
36,-0.57,4,6,2,2,3,5,40
44,-0.57,3,5,3,1,3,5,43
43,0.712,2,9,7,3,5,2,58
85,1.267,4,9,6,5,5,2,86
46,-0.188,3,9,5,2,4,2,62
35,-1.215,3,3,1,2,1,3,43
65,-0.188,1,4,1,3,3,2,65
51,0.242,3,9,5,2,5,2,64
31,-0.57,3,8,3,3,4,2,39
56,0.712,2,5,2,2,3,2,61
42,-0.909,3,8,3,3,2,2,49
54,-1.713,2,7,2,5,4,2,34
39,-0.188,1,2,5,5,2,1,40
44,0.712,4,5,6,3,5,2,56
56,0.242,2,8,5,3,5,2,60
43,-0.57,2,6,6,2,4,7,37
56,-0.57,2,7,7,4,5,1,53
41,-0.57,4,3,1,6,3,8,52
46,0.242,5,8,4,4,3,2,54
43,0.712,2,3,3,7,2,8,53
58,0.712,3,8,4,1,3,3,57
60,0.242,4,3,5,3,2,4,63
48,-0.57,2,4,7,8,2,8,88
57,-1.713,2,1,1,4,1,8,45
45,0.242,2,6,6,3,3,1,63
38,0.242,5,7,1,3,5,3,40
48,-1.215,5,2,4,1,3,3,55
58,0.712,3,4,5,2,3,2,51
57,0.712,2,8,7,7,4,8,82
52,0.242,2,7,7,8,2,8,67
56,0.242,2,4,4,2,4,3,62
47,0.242,2,6,4,5,3,2,46
33,-0.909,5,6,4,4,1,4,47
61,1.267,2,3,7,7,2,8,77
56,-0.909,2,6,6,4,5,2,62
47,-0.188,4,7,6,3,3,2,67
34,0.242,3,7,4,4,3,2,47
60,-0.188,2,5,5,7,3,8,62
35,0.712,5,8,4,3,3,4,49
47,-0.188,1,7,5,6,3,2,64
41,0.242,2,3,4,3,4,2,40
41,-0.909,2,6,4,2,5,2,50
67,0.712,4,9,6,3,4,2,72
49,1.267,1,7,5,6,4,8,55
61,0.242,2,8,6,5,4,2,64
53,1.267,4,9,5,1,3,5,61
38,-0.57,1,3,4,5,2,3,57
40,0.242,2,5,2,6,3,6,45
52,0.712,3,8,5,4,3,1,56
78,-0.188,3,9,5,1,3,5,59
69,0.712,3,9,6,4,5,2,68
62,-0.57,4,9,5,1,4,2,56
49,0.712,4,9,4,5,5,2,67
53,0.242,5,3,7,4,2,2,59
58,-0.188,5,6,5,4,1,2,56
52,-0.57,2,9,5,2,5,2,60
52,0.242,2,9,7,2,4,2,63
29,-1.713,2,5,2,4,2,2,30
46,0.242,5,4,3,3,4,2,43
46,0.242,1,2,4,5,3,6,41
36,0.712,4,8,5,3,4,2,70
73,-1.215,2,7,5,6,3,8,85
50,-1.215,3,7,6,5,3,2,64
41,0.242,1,3,1,4,3,6,50
45,0.712,1,6,4,4,3,2,59
60,-0.188,2,8,7,5,2,4,74
56,0.242,1,8,6,3,4,1,61
51,1.267,2,8,4,2,4,2,52
46,0.242,2,8,7,3,3,2,59
53,0.242,2,3,6,6,4,8,60
34,-0.57,3,1,1,3,3,6,14
50,1.267,2,9,6,2,4,2,63
39,0.712,4,3,4,3,4,1,42
60,-0.188,2,9,7,2,4,2,71
45,0.242,4,9,4,4,5,2,48
46,-0.909,4,2,2,4,3,3,37
52,1.267,2,7,7,7,5,8,65
61,0.242,1,3,5,4,3,2,61
42,-0.188,2,5,5,2,5,2,70
44,0.712,2,6,6,6,2,8,67
47,-1.215,5,4,2,3,1,2,58
53,1.267,2,7,5,3,5,2,64
52,-0.188,5,9,6,2,4,2,68
50,0.712,1,6,4,8,5,8,49
42,-1.215,5,3,4,5,4,2,48
56,1.267,4,8,7,6,4,8,79
72,0.242,1,2,5,3,5,1,39
74,1.267,4,8,5,2,5,2,72
48,0.242,4,8,3,5,4,4,39
68,-1.215,2,1,1,5,3,6,42
45,-1.713,1,1,1,2,3,5,38
43,-0.909,3,9,5,2,5,2,61
43,-0.57,4,8,5,3,3,2,48
53,0.242,2,3,4,6,3,4,61
36,0.712,2,3,2,6,2,6,36
31,0.242,2,6,4,5,2,2,50
70,0.712,2,7,6,7,3,8,67
52,-0.57,4,6,5,2,2,4,52
52,-0.188,2,7,5,8,5,8,58
35,-0.909,2,1,3,4,1,1,26
52,0.712,2,8,6,6,4,8,70
49,1.267,4,8,6,4,4,2,53
45,0.242,4,5,4,3,5,2,47
46,-0.909,2,8,4,3,3,2,49
51,-0.909,3,6,5,2,3,2,63
57,0.712,5,8,5,3,5,2,71
57,-1.485,1,3,3,3,3,2,64
68,0.712,2,5,6,8,2,8,89
44,-0.57,2,3,5,6,2,8,49
51,0.242,5,9,4,4,4,2,61
52,0.242,3,8,7,4,4,3,58
56,1.267,5,8,7,4,5,2,61
49,0.712,2,8,6,6,4,8,63
45,-1.215,2,7,4,3,2,2,51
47,-1.485,4,9,2,2,3,3,49
52,0.242,5,1,3,3,3,2,14
55,-0.188,2,8,5,5,3,5,70
42,0.712,2,6,3,4,3,2,49
40,-0.188,3,1,1,3,1,2,37
62,0.712,2,6,5,5,2,2,68
46,0.242,2,7,6,2,4,2,63
48,-0.188,2,9,6,2,4,2,61
49,-0.188,3,1,6,4,3,3,55
49,0.242,3,8,4,2,3,2,61
69,-0.57,2,6,3,2,4,5,63
75,1.267,2,9,7,5,5,1,78
35,0.242,3,6,1,4,3,2,29
31,-1.215,3,6,6,2,2,3,56
76,-0.57,2,3,5,7,2,8,79
29,-0.909,2,6,5,6,3,8,56
50,0.242,2,9,7,2,5,2,65
67,0.712,1,2,6,4,2,3,48
55,0.712,4,8,4,4,3,2,48
50,-0.188,1,1,4,1,3,5,50
68,0.242,2,4,4,4,3,3,53
49,-0.57,2,2,4,6,2,8,53
64,-0.188,5,5,6,2,4,4,68
53,0.712,2,8,5,5,5,2,58
76,-0.188,3,8,5,2,2,2,57
64,-0.57,4,9,4,1,4,5,70
40,-0.57,4,2,2,3,2,2,37
61,-0.188,2,2,3,6,3,2,64
41,-0.909,5,5,3,4,3,1,49
68,-0.188,2,9,7,4,5,2,79
35,0.242,2,2,1,2,3,2,41
35,0.242,3,3,4,1,2,2,41
42,0.242,2,7,6,5,2,2,60
60,1.267,2,8,5,2,5,2,60
42,-1.215,3,7,2,1,2,5,42
14,-1.485,1,2,3,4,2,7,53
60,-0.188,2,9,6,3,5,7,65
42,-1.485,2,7,5,3,4,2,56
65,-0.57,3,7,2,3,2,6,46
74,1.267,4,9,5,3,5,2,60
65,1.267,4,9,7,3,4,2,78
41,-0.188,4,7,4,2,5,2,45
57,-0.188,2,9,7,2,4,2,66
42,0.242,4,8,5,3,3,2,49
54,0.712,2,8,5,6,4,8,68
53,0.242,1,1,4,4,2,6,34
23,-0.188,2,7,4,6,2,2,45
55,0.712,2,6,3,2,4,2,57
65,1.267,2,9,6,5,5,2,73
42,-1.485,2,1,3,2,4,5,31
42,0.712,1,3,5,6,4,2,58
85,-0.188,1,4,6,1,4,2,68
55,-0.188,2,4,5,2,5,2,49
31,-0.188,1,1,1,7,1,8,30
79,-1.9,5,1,3,2,2,2,52
51,-0.57,2,5,3,4,3,2,57
53,0.712,2,9,5,3,5,2,53
55,1.267,2,9,5,6,5,2,55
52,0.242,2,6,6,6,2,1,49
62,0.712,4,9,7,4,5,2,74
35,0.242,2,5,2,4,3,3,33
36,0.242,3,2,3,7,1,8,39
85,0.242,1,9,5,3,4,1,57
58,0.712,4,9,6,2,4,2,67
44,-0.57,2,3,2,4,3,2,40
50,-0.188,2,2,3,2,3,1,48
40,-0.57,2,2,4,6,2,8,44
39,0.712,3,9,4,1,4,2,51
55,-1.215,4,7,6,1,3,2,29
41,-0.57,4,1,1,2,1,7,29
44,0.712,3,7,4,2,4,2,33
48,0.242,2,9,5,6,3,7,63
56,0.242,5,6,5,1,2,3,39
75,0.242,2,9,7,6,2,2,95
57,0.242,3,8,5,2,4,2,62
64,0.242,5,8,1,1,3,5,66
54,0.242,5,8,5,3,2,3,59
57,0.712,3,9,5,2,4,2,59
56,0.712,4,8,4,3,5,4,57
66,1.267,3,8,7,6,5,3,74
18,-1.713,2,1,1,2,2,7,32
44,-1.215,2,2,3,3,3,6,50
41,-1.485,5,3,3,2,1,2,35
82,1.267,4,9,6,3,5,2,60
42,0.242,5,4,1,2,2,2,35
55,0.242,2,6,3,4,2,3,67
50,0.242,1,2,3,4,5,6,33
35,0.242,3,8,4,5,3,8,58
58,0.712,5,9,5,4,5,2,59
66,-0.188,1,8,5,7,4,8,61
58,1.267,4,9,5,4,4,2,62
62,0.712,4,8,6,4,2,1,68
65,0.242,3,5,5,6,5,7,38
28,-0.57,1,3,3,8,3,8,27
54,-0.57,4,6,5,3,3,2,58
42,-1.215,2,4,7,3,2,4,57
42,-0.57,2,8,4,3,5,2,55
31,-0.188,2,5,2,1,4,2,38
56,1.267,2,8,6,2,4,2,61
54,-0.57,2,5,3,8,2,8,59
36,0.242,5,9,5,3,4,3,52
42,-1.215,5,3,1,2,2,1,45
48,1.267,2,8,7,6,3,1,72
70,0.712,3,9,7,4,5,7,65
50,0.242,3,7,4,4,5,2,54
35,-0.57,4,3,2,2,3,1,35
67,0.712,1,4,4,6,5,2,63
74,-1.215,4,7,2,2,2,2,37
65,0.712,4,8,5,1,3,5,63
60,-0.57,2,7,7,6,4,8,72
45,-0.57,2,6,4,2,4,2,29
52,0.242,3,8,4,4,3,3,35
76,-0.57,2,6,3,6,3,3,80
52,0.712,5,9,5,4,4,1,57
47,-1.485,5,1,1,2,2,7,38
56,0.712,2,7,5,2,5,2,53
42,0.242,2,6,4,3,2,2,54
51,0.242,3,8,6,4,3,2,64
73,-0.188,2,4,6,6,4,8,86
61,1.267,1,7,5,7,4,8,68
23,-0.57,2,1,4,8,2,8,34
56,0.242,1,2,7,7,5,8,62
43,-0.188,2,1,7,4,1,7,67
36,-1.713,5,2,3,1,3,5,52
59,0.712,3,9,7,3,5,2,48
67,0.712,4,7,6,3,2,2,60
60,-0.57,1,2,6,8,2,8,46
58,0.712,5,8,5,3,3,2,59
51,1.267,2,9,7,8,5,8,72
43,-0.188,3,5,3,1,3,5,42
55,0.712,1,2,4,8,4,7,47
37,-0.57,1,2,5,8,2,8,48
39,-0.57,3,8,3,3,3,2,37
72,0.712,5,4,5,2,4,2,62
56,1.267,2,5,7,8,2,8,65
50,-0.57,2,5,4,2,4,2,56
50,-0.188,2,7,5,7,4,1,47
32,-0.57,5,3,1,2,2,2,39
50,-0.57,1,3,5,7,2,3,54
44,-0.909,1,1,1,6,2,8,58
55,0.242,2,8,7,8,4,8,69
82,0.712,2,5,7,6,3,8,79
51,-1.485,3,9,3,2,5,2,42
46,1.267,2,8,7,6,5,8,61
46,0.712,4,6,6,1,4,2,60
42,-0.188,3,7,5,5,3,3,56
43,-0.57,2,4,2,1,2,2,48
43,0.712,3,5,5,3,5,6,51
49,-0.188,2,7,5,3,2,3,75
47,-1.713,1,1,1,4,1,6,24
67,0.242,2,9,5,4,3,2,66
60,-0.57,2,8,3,4,4,2,66
44,0.712,4,8,4,3,5,2,59
52,-0.188,2,2,3,7,2,8,61
47,0.242,3,5,5,4,3,2,54
65,-0.57,3,8,7,5,4,8,52
40,-0.909,1,1,1,5,1,6,48
33,-1.485,2,7,4,7,2,8,40
54,1.267,2,9,6,6,5,1,61
47,-0.909,5,3,5,1,3,2,61
53,0.712,2,9,5,7,5,8,71
48,0.242,5,8,5,2,3,4,63
78,-0.188,2,4,4,2,4,2,78
68,0.712,2,9,4,4,4,2,55
30,-0.57,2,2,2,1,3,7,56
47,0.242,2,3,4,7,4,1,40
29,0.712,5,7,4,3,2,2,39
57,-0.57,3,5,4,1,2,5,52
38,-1.485,2,2,2,1,2,3,38
54,0.712,5,8,4,3,5,2,60
77,-0.188,3,8,5,4,2,4,67
51,1.267,3,9,5,4,5,2,62
47,0.242,4,6,3,2,2,2,40
39,-0.909,2,8,4,4,2,2,42
47,0.242,2,7,6,6,3,3,61
45,0.242,2,8,5,7,5,8,61
64,-0.57,1,2,6,7,2,8,78
42,0.712,4,8,4,4,4,7,45
78,1.267,1,4,4,5,4,8,75
60,0.712,2,7,7,7,4,8,73
31,-0.909,2,3,2,4,2,4,47
45,0.242,2,5,5,4,4,2,43
43,-0.57,3,5,3,5,2,2,38
49,1.267,5,7,4,5,3,2,42
68,1.267,2,8,7,5,3,8,72
56,0.712,2,7,7,6,4,8,65
54,0.242,3,8,5,6,4,2,45
44,-0.188,3,2,5,4,1,3,52
71,-1.713,4,9,4,3,2,3,36
50,0.712,1,1,6,1,4,2,56
56,0.242,4,7,5,4,4,3,49
35,-0.57,2,5,6,7,3,8,58
28,-0.188,2,3,4,8,1,8,47
41,0.242,2,3,4,2,4,2,49
56,1.267,4,9,5,1,3,5,46
46,0.242,1,6,4,7,5,3,53
50,0.242,1,3,3,6,5,1,49
41,1.267,3,8,3,2,4,3,49
68,0.242,2,9,6,8,5,8,95
63,0.712,5,9,7,4,3,4,56
49,0.712,2,7,6,6,2,8,68
42,-0.188,4,5,5,1,3,2,49
31,-0.188,2,4,3,5,1,4,37
43,0.242,3,5,3,4,5,2,51
66,0.712,5,6,5,4,5,2,44
27,-0.57,2,1,2,3,1,1,35
56,0.242,2,3,6,8,2,8,65
60,0.712,3,4,7,6,2,8,65
81,-0.57,5,9,4,5,5,8,52
76,0.712,4,7,6,6,3,8,72
45,0.242,2,5,4,6,3,8,59
52,0.712,2,5,5,8,3,8,68
60,-0.188,5,8,5,4,4,2,59
44,-0.909,2,8,5,3,4,2,46
52,0.242,3,9,7,5,4,4,83
33,-0.188,1,5,4,5,3,2,54
71,0.242,1,5,5,4,3,2,64
52,0.712,2,7,7,5,3,3,65
47,0.712,3,8,6,2,4,2,67
45,0.242,2,3,5,2,3,5,55
34,0.712,2,5,4,8,2,8,62
42,-1.9,3,6,1,1,2,5,49
50,1.267,2,8,7,8,2,8,80
65,-1.215,4,1,1,2,2,7,67
23,-0.188,1,4,1,4,1,2,14
40,0.712,3,1,1,1,3,5,49
34,-1.215,5,8,1,2,2,2,27
40,-0.188,4,8,3,1,2,5,18
59,1.267,2,7,6,6,4,8,79
45,0.712,5,8,3,5,2,2,55
41,0.242,2,6,6,7,2,8,57
42,-1.215,4,6,6,1,3,5,51
57,0.242,5,8,5,6,2,8,77
42,-0.909,4,7,4,3,3,2,49
57,0.712,2,5,5,2,5,2,51
41,-1.215,3,4,1,1,2,3,44
65,0.712,2,8,7,5,3,2,64
59,-0.188,2,8,7,6,3,8,70
28,0.712,2,3,4,2,1,2,38
42,0.712,4,3,2,2,1,2,50
56,-0.188,3,8,4,2,4,2,51
57,-0.909,1,1,1,4,3,2,47
50,0.712,3,3,3,7,3,8,49
55,-0.188,3,5,5,8,3,8,59
44,0.242,3,7,4,6,3,4,48
56,0.242,2,9,6,6,5,8,77
75,0.242,5,7,6,3,3,2,75
60,1.267,2,8,7,4,5,2,70
51,0.242,1,8,7,6,5,8,62
40,-0.188,2,5,5,6,2,8,56
50,0.712,2,6,7,6,3,2,63
76,0.242,4,8,6,5,5,2,80
76,-0.57,1,1,2,6,3,8,51
85,-0.188,2,5,7,8,4,8,85
58,0.712,2,9,7,6,5,1,84
43,0.242,5,6,4,4,4,2,46
42,-0.188,1,4,6,6,5,8,61
45,0.712,2,8,7,8,3,8,65
36,0.712,4,8,6,5,4,4,42
42,0.242,3,7,5,7,5,8,52
58,1.267,2,9,5,5,3,7,40
49,-0.57,1,5,4,2,5,2,47
34,-1.215,1,7,4,1,3,5,57
49,-0.57,1,5,3,4,3,2,53
26,-0.909,4,7,4,7,2,8,51
54,0.242,2,3,5,6,2,8,73
39,-0.188,3,1,3,8,1,8,48
36,1.267,2,3,6,7,2,8,66
51,-0.188,2,8,7,8,2,8,86
47,0.712,4,8,5,6,3,7,77
46,1.267,3,8,5,4,4,2,52
52,-0.188,3,1,2,2,3,1,56
45,0.242,2,7,4,5,5,2,54
49,0.242,4,5,4,3,5,2,50
38,-1.485,4,1,3,4,1,1,49
45,0.712,5,8,3,2,4,4,32
47,-0.57,3,9,3,6,4,8,44
54,-0.57,4,1,2,3,2,6,44
38,-0.188,2,8,6,6,3,1,51
43,-0.57,2,1,3,8,3,8,47
56,1.267,2,7,4,7,4,8,69
53,0.242,2,5,7,8,2,8,74
38,-0.57,2,4,3,6,2,8,42
53,0.712,2,8,7,5,5,1,66
76,0.712,2,7,6,4,4,2,68
52,-0.909,2,2,3,4,2,6,39
62,0.712,1,2,2,8,2,8,23
60,1.267,4,9,7,5,4,4,58
51,1.267,1,6,5,6,5,2,59
45,0.242,2,9,7,6,5,8,51
50,0.712,1,5,7,3,5,2,65
48,-0.188,1,7,2,4,3,2,43
85,1.267,4,9,7,5,4,1,76
33,0.242,3,7,3,2,3,7,24
56,0.712,3,8,5,2,4,2,51
45,0.712,2,8,6,5,3,2,54
50,-0.188,1,1,4,2,4,2,58
65,-0.188,4,1,1,4,2,1,22
51,0.712,3,6,6,8,2,8,82
52,-0.57,5,8,4,1,3,3,61
42,-0.57,2,1,2,2,2,1,53
37,-0.188,1,1,1,2,3,2,43
70,-0.188,3,8,4,2,4,2,68
62,0.242,1,9,7,6,5,8,82
48,-0.188,3,9,6,2,4,2,62
18,-0.57,1,1,2,5,2,3,46
45,-0.188,3,6,4,5,3,2,47
52,-1.485,3,1,3,1,2,3,46
48,-0.57,3,5,6,5,2,2,49
29,-0.188,2,5,2,6,2,3,38
53,0.242,2,8,6,2,4,2,54
30,-0.909,5,3,2,3,1,4,50
53,-0.188,1,1,2,4,3,6,34
44,0.242,1,1,4,8,2,8,49
55,-1.485,2,1,6,8,1,4,49
47,0.712,2,7,3,4,3,2,36
85,0.712,1,6,5,2,4,2,86
16,-0.909,2,1,1,4,2,6,21
44,0.242,2,9,5,5,3,4,56
42,-0.188,2,3,3,6,5,1,55
54,0.712,2,8,5,5,3,2,54
58,1.267,4,9,6,4,5,2,65
66,0.712,1,7,6,5,3,2,68
40,-0.188,2,5,5,2,4,2,40
57,0.242,4,8,5,3,5,3,66
43,1.267,2,5,3,6,2,8,53
38,-0.909,1,2,1,3,1,4,42
36,-0.188,5,7,1,3,5,2,28
48,-0.188,4,7,5,3,2,2,70
40,0.242,2,3,5,6,2,8,42
39,-0.188,2,5,4,8,2,8,38
47,0.712,2,8,6,8,4,8,66
67,1.267,2,7,7,5,5,1,66
47,0.712,2,8,4,5,5,2,49
57,0.712,2,7,4,6,3,8,85
52,1.267,1,5,5,7,5,8,54
61,1.267,2,6,7,6,3,8,79
44,-0.909,2,1,3,5,2,6,41
68,1.267,5,8,7,4,4,2,66
30,-0.57,5,2,1,3,1,7,25
55,0.242,3,4,4,2,5,2,27
60,1.267,3,9,7,5,5,2,57
43,-0.188,2,7,5,6,3,2,56
57,-1.485,2,2,6,8,2,8,81
50,0.712,2,9,7,6,4,2,76
48,-0.188,4,6,3,3,1,2,54
55,0.712,2,6,6,7,3,2,56
44,0.712,3,5,4,6,3,8,55
45,0.712,2,9,7,7,2,8,65
33,-0.188,1,5,5,4,2,2,50
42,0.712,3,9,4,1,4,2,46
29,-0.188,2,7,3,3,3,2,40
37,0.242,2,2,4,8,2,8,43
55,1.267,3,9,6,4,5,2,78
54,-0.188,4,9,6,4,3,2,55
58,-0.188,3,4,4,6,2,2,53
27,-1.485,1,1,3,7,2,8,32
69,1.267,2,8,7,4,4,1,73
56,-0.188,5,7,2,3,4,2,40
55,-0.188,2,7,5,8,5,1,71
59,1.267,2,6,6,6,3,8,72
42,-1.215,5,8,4,4,4,2,44
42,0.712,1,6,4,3,3,2,64
5,-0.57,2,1,1,2,1,1,28
43,0.242,1,3,2,2,4,2,37
58,0.242,2,7,6,4,5,3,65
51,-0.188,1,8,7,8,5,8,64
37,-0.57,4,8,3,4,4,2,46
40,-0.188,2,5,3,8,2,8,50
47,-0.57,2,8,5,5,3,8,51
41,0.712,1,7,7,8,5,8,72
48,0.242,2,7,5,5,4,8,54
79,0.712,3,9,7,6,5,8,76
37,-0.909,2,2,1,6,1,8,41
42,0.242,2,6,7,8,2,8,68
63,0.712,2,9,6,4,4,2,72
67,0.242,2,9,7,7,3,8,88
76,-0.188,4,7,7,5,4,3,63
53,-0.909,2,3,4,1,4,2,47
35,-0.188,5,2,4,3,3,4,53
55,0.712,3,2,5,2,5,4,54
38,-0.57,1,2,4,8,2,8,54
40,-0.57,1,3,4,5,3,6,33
33,0.712,3,5,1,2,4,7,46
49,0.242,2,9,5,7,5,8,68
46,0.712,1,8,7,5,4,2,52
14,-0.57,5,7,2,4,2,3,14
85,0.712,4,9,4,7,3,8,95
53,-0.57,5,7,4,1,1,5,58
29,-1.215,1,1,2,4,2,7,54
53,1.267,3,8,3,5,3,2,43
30,0.712,2,3,7,8,3,3,67
32,-0.909,2,4,2,6,3,2,46
71,0.242,2,9,7,5,4,2,86
67,1.267,2,9,6,7,4,8,76
38,0.712,2,6,7,6,3,8,59
34,0.712,2,8,2,5,3,2,25
49,0.712,2,8,5,2,5,2,64
57,-0.188,3,8,5,1,4,2,53
30,0.242,2,8,3,2,4,2,39
47,0.242,1,3,3,6,3,2,57
47,-0.909,4,7,5,1,3,5,81
39,-1.215,1,3,4,6,3,3,54
53,1.267,5,6,5,2,4,2,49
59,-0.57,3,4,2,1,3,5,52
81,0.712,3,6,6,2,4,2,72
61,0.242,2,6,3,6,3,6,59
41,-0.188,2,7,4,4,4,2,59
39,1.267,2,8,3,6,4,8,64
42,-1.9,2,6,1,2,3,4,49
49,-0.57,3,3,1,3,1,4,52
47,0.712,2,6,6,6,3,8,62
51,0.712,2,9,7,4,5,2,67
42,-0.57,1,8,7,7,3,8,56
42,-1.215,4,9,4,1,4,5,47
50,-0.909,1,5,4,4,4,2,60
46,-0.909,1,9,6,5,5,1,57
60,0.712,2,8,7,6,5,8,85
40,0.712,2,7,6,2,5,2,48
47,0.712,5,8,6,3,4,2,61
45,-1.215,5,4,3,1,3,5,57
42,-0.57,4,2,2,3,2,3,46
44,0.242,2,5,4,3,3,7,48
60,0.712,4,9,5,2,4,2,69
43,0.242,1,6,7,8,5,8,55
52,-0.57,2,2,6,6,3,8,56
49,0.712,3,8,4,5,4,2,59
56,-0.188,2,5,6,8,3,8,64
53,-0.909,4,1,1,2,2,2,40
62,-0.188,4,3,3,3,3,4,36
44,-0.909,4,9,5,3,5,2,58
51,1.267,3,7,6,5,5,2,65
42,1.267,5,5,3,1,4,2,36
71,-1.485,2,6,5,1,3,5,86
42,-1.713,4,2,1,2,3,7,49
45,-1.215,1,1,3,2,2,2,30
36,-0.909,2,2,2,2,3,6,33
34,-0.188,4,9,3,2,4,2,43
60,-0.57,3,5,1,3,2,2,48
58,-0.57,2,8,6,4,4,2,70
38,-0.57,2,4,3,7,5,8,48
54,-0.188,1,7,6,4,3,2,69
30,-0.188,3,2,1,2,3,7,34
35,1.267,3,8,7,4,5,2,49
68,-0.188,2,6,5,6,3,1,56
43,-1.713,3,1,5,1,3,7,51
41,-0.909,2,8,4,8,2,1,57
45,-0.57,3,5,6,4,1,1,58
47,0.712,1,9,6,8,5,8,83
78,1.267,2,8,5,4,5,2,79
77,0.712,5,8,4,5,3,2,22
46,-1.215,2,7,3,4,2,2,50
48,-0.57,5,7,1,6,3,8,40
56,-0.909,4,5,5,6,3,2,43
50,0.242,2,2,1,4,2,6,35
31,-0.188,4,8,3,4,5,2,50
51,-0.57,2,6,4,6,5,8,55
27,-1.215,4,1,2,2,2,5,34
54,0.242,3,8,5,3,4,2,63
53,0.242,2,8,7,5,2,2,65
57,0.242,2,8,5,5,3,8,59
51,-0.188,2,7,4,2,3,2,41
38,-0.188,5,9,4,3,2,4,53
46,0.242,5,3,4,3,3,4,49
57,-0.909,2,7,4,4,2,8,70
43,-0.57,2,9,1,6,2,1,44
48,-0.188,4,7,1,4,2,2,47
64,0.242,3,9,7,4,4,1,70
56,0.242,2,7,4,3,4,2,48
56,-1.485,4,2,1,7,3,6,55
46,0.242,5,6,3,2,2,4,49
77,1.267,2,9,6,2,5,2,65
38,0.712,1,1,7,6,4,8,69
35,1.267,1,5,4,5,3,2,43
47,-0.57,2,4,5,2,1,3,75
44,-0.909,2,6,2,6,2,8,65
60,-0.188,5,7,5,4,3,2,58
52,-0.188,4,9,7,3,5,2,62
22,-0.909,1,1,3,8,1,8,39
69,0.242,2,6,5,3,2,4,55
42,-1.485,1,8,1,3,4,2,42
41,0.712,2,6,4,8,2,8,65
85,-0.909,5,8,5,2,3,2,66
50,-0.909,3,7,3,2,3,7,41
53,-0.188,2,9,5,5,3,1,62
68,-0.188,4,5,6,7,2,3,63
70,0.712,4,7,7,4,4,2,74
41,-1.215,5,5,1,4,3,2,47
47,-0.188,5,8,5,2,4,4,59
56,-0.909,5,9,6,2,4,2,54
53,-0.188,1,5,3,2,5,2,44
75,1.267,1,7,6,6,5,1,69
60,-0.57,5,8,5,4,5,2,59
45,1.267,2,9,7,6,5,2,57
51,-0.188,3,8,5,4,4,2,55
49,-1.713,1,1,4,7,1,8,51
82,-0.188,2,9,6,4,5,2,65
55,0.712,2,6,6,6,4,8,61
57,-0.909,1,4,5,8,3,1,53
61,-0.57,2,6,7,6,2,8,78
85,1.267,2,9,6,6,4,2,95
52,-0.188,3,3,5,5,2,2,71
45,-0.909,2,6,4,2,3,2,45
62,0.712,1,5,3,3,4,2,58
43,0.712,4,4,3,3,5,2,58
55,0.712,2,9,5,3,5,2,54
58,0.712,5,9,4,4,4,2,66
44,1.267,4,6,4,2,3,4,37
39,-1.215,1,7,3,2,1,5,45
79,-1.485,1,1,1,5,2,8,58
16,-0.188,3,2,1,4,1,6,54
57,0.242,1,3,6,6,1,2,35
32,-0.188,1,5,2,5,3,2,44
65,-0.188,2,8,6,6,4,3,74
58,0.712,3,8,4,6,5,8,55
56,0.712,2,9,5,6,4,4,75
28,-0.909,4,1,1,4,1,6,25
61,-0.188,2,8,7,6,5,8,60
49,0.242,5,8,4,4,4,4,43
45,-1.713,2,1,1,2,2,7,51
44,-1.215,4,8,5,6,2,3,58
37,-1.215,2,8,4,2,5,2,46
66,0.712,2,7,7,8,3,8,73
43,-0.57,3,7,4,4,2,2,52
64,0.242,4,9,5,2,5,2,75
56,0.712,1,5,6,6,3,8,73
24,-1.485,3,1,1,2,3,6,37
54,0.242,5,4,5,1,2,1,62
43,-0.909,2,2,4,4,2,2,44
52,0.242,4,8,5,2,4,3,50
74,1.267,1,6,5,6,4,8,95
56,0.242,2,7,4,2,4,2,57
85,0.712,5,9,6,4,5,2,70
47,1.267,2,8,6,8,5,8,68
29,0.242,2,3,4,6,2,2,51
37,-0.188,1,3,1,5,2,1,34
45,-0.188,3,4,4,3,3,4,49
62,0.242,5,9,6,4,4,1,61
42,-0.909,1,1,1,5,1,8,51
32,-1.485,4,3,1,3,2,2,33
54,0.712,3,9,5,4,5,2,58
58,0.712,2,3,4,6,2,8,49
67,1.267,4,7,5,3,4,3,67
44,0.712,1,2,5,8,3,1,47
34,-0.188,2,1,2,5,2,6,39
85,-0.57,2,7,7,7,4,8,87
42,1.267,4,7,4,4,3,2,47
48,0.242,3,9,5,5,3,8,46
55,1.267,2,4,7,4,3,2,62
22,0.712,2,1,1,2,2,2,43
21,-1.215,4,1,1,1,3,3,29
68,-1.215,4,4,1,4,2,4,33
41,-0.57,3,1,2,4,3,2,47
69,-0.57,5,8,5,4,5,3,63
41,0.242,2,4,6,7,3,8,58
50,0.242,2,6,5,5,4,8,61
53,0.712,1,8,5,6,5,1,44
50,-0.909,3,1,1,2,3,4,34
52,-0.57,5,1,3,2,3,3,46
36,-0.188,2,4,6,7,3,8,52
41,-0.909,2,7,7,8,5,8,59
78,-0.188,2,9,7,4,4,2,69
56,-0.188,2,8,6,3,4,2,53
46,0.712,2,4,4,6,3,2,58
42,-0.188,2,2,3,8,1,8,54
58,-0.909,1,1,3,6,1,6,27
43,0.712,2,8,6,7,4,8,68
64,-0.909,3,7,4,2,3,5,36
61,0.242,1,8,6,6,4,2,65
57,-0.909,2,9,5,2,5,2,55
67,0.712,2,9,6,6,4,8,81
57,0.242,2,3,7,7,3,8,56
47,-0.57,1,8,6,7,3,8,70
74,0.712,5,8,4,4,4,2,34
85,0.712,1,3,2,8,5,8,73
63,1.267,4,8,6,1,2,7,83
49,1.267,4,4,3,3,3,2,48
80,0.242,2,6,7,6,5,8,79
34,-1.215,3,1,2,6,2,8,36
51,-0.188,2,6,3,2,3,2,50
61,0.242,4,7,5,2,4,2,67
37,-0.188,1,7,7,6,4,2,61
40,-0.188,1,6,6,4,3,6,57
62,0.712,2,9,6,8,5,8,83
42,0.712,4,9,4,2,5,2,42
65,0.712,2,8,7,7,5,8,78
33,0.712,5,8,5,4,5,2,41
43,-0.188,2,5,2,6,3,2,30
64,-0.57,5,4,2,2,3,2,39
50,0.242,1,2,4,8,3,8,58
61,-0.188,5,6,6,6,1,1,69
39,-1.215,2,1,5,2,3,3,34
58,-0.57,4,6,3,3,3,3,47
41,-0.909,3,3,1,4,2,6,28
51,0.242,2,8,6,5,3,2,63
28,-0.57,1,9,3,4,5,2,44
58,1.267,1,7,5,8,2,8,68
78,-0.188,4,9,6,2,3,4,62
49,0.712,3,9,7,4,3,3,58
57,-0.188,2,6,4,2,5,1,51
58,0.712,2,8,7,8,3,8,78
55,0.242,2,3,5,7,2,8,57
43,0.242,4,7,5,2,4,2,60
40,0.242,1,1,3,8,2,8,55
47,0.712,2,4,3,1,4,2,39
51,0.242,2,3,4,2,3,2,64
46,-0.188,4,6,1,3,5,2,18
42,0.712,2,8,7,2,5,2,73
53,0.242,2,9,4,4,4,2,70
55,0.712,2,5,4,5,4,2,42
33,0.242,2,1,3,5,3,3,32
29,-0.188,2,2,1,7,2,8,41
59,0.242,2,8,5,4,5,2,65
39,0.242,1,2,3,5,2,8,44
41,-0.57,2,1,3,7,2,8,51
77,0.242,2,7,5,5,5,2,72
50,-0.909,3,5,5,3,5,2,59
37,-0.188,4,6,1,5,3,2,40
51,-0.909,4,6,5,6,2,2,37
50,0.712,2,4,7,8,2,8,70
57,0.712,1,2,5,6,3,8,62
35,-0.57,2,4,5,7,2,3,33
59,-1.215,5,1,3,3,1,2,44
62,1.267,2,9,6,8,5,8,75
34,0.712,3,7,3,1,2,1,37
63,0.242,1,3,4,8,2,8,72
85,-1.215,3,2,1,2,3,5,65
40,0.242,1,1,2,7,3,8,33
51,0.242,4,8,6,6,2,8,55
35,-0.188,4,1,2,2,3,2,23
19,-0.188,3,7,2,1,3,3,33
63,-0.909,1,2,5,8,4,8,60
64,0.712,5,8,6,3,5,2,74
42,-0.57,3,3,1,3,2,6,24
45,1.267,2,8,6,5,4,8,57
39,-1.215,1,7,4,3,3,2,56
45,0.242,1,4,4,8,3,8,67
51,0.242,4,9,5,4,4,2,57
39,-0.909,2,8,6,7,4,8,59
47,-1.215,1,7,4,2,4,2,38
67,0.242,2,9,4,4,5,2,73
40,-0.57,1,5,4,7,2,8,45
60,-0.57,2,8,5,4,3,2,61
57,1.267,5,8,7,8,5,8,67
33,0.242,2,4,5,2,4,3,59
51,-0.57,2,4,5,6,3,8,59
54,0.242,2,9,7,8,3,8,81
42,-0.57,4,7,1,3,3,4,53
47,-0.57,2,6,6,8,2,8,78
28,-1.215,3,1,2,4,2,6,38
70,0.712,1,7,7,6,4,8,95
62,-0.188,3,7,4,2,2,2,71
43,1.267,2,8,5,6,3,2,51
50,-0.57,2,6,4,2,3,2,56
43,0.712,3,9,5,6,3,2,60
58,0.712,3,8,6,2,5,2,65
27,-0.188,3,1,1,6,2,4,68
81,-0.57,2,9,6,4,5,2,81
44,-0.909,4,3,3,3,1,2,53
58,1.267,2,6,5,8,3,8,60
46,0.242,4,3,1,4,2,2,46
41,-0.188,2,2,2,4,2,6,21
46,0.242,3,8,5,3,5,2,60
42,-1.713,2,6,3,2,2,2,48
44,0.712,4,9,6,2,4,3,44
33,-1.215,2,1,1,2,2,2,29
41,-0.188,1,8,5,5,3,2,53
40,1.267,4,8,6,3,5,2,36
64,-0.188,3,9,6,2,4,2,57
54,1.267,2,7,6,5,3,1,58
42,0.712,2,7,4,6,4,3,52
75,-0.188,5,3,2,2,1,4,55
27,-0.57,1,2,5,8,2,8,44
39,-1.215,2,3,3,5,2,6,60
73,0.242,3,8,6,2,5,2,86
50,1.267,2,8,4,6,3,3,63
39,-0.188,2,8,5,5,3,2,65
53,-0.188,1,5,3,6,3,2,49
85,-0.188,5,9,7,4,5,2,86
43,-0.57,1,3,4,2,4,2,49
49,0.242,4,9,5,3,4,2,63
54,-0.188,3,6,7,8,4,8,69
49,-0.57,4,2,3,8,1,8,49
36,0.242,5,7,4,3,3,2,40
56,0.242,2,3,5,2,3,2,55
60,1.267,2,8,6,7,4,8,86
33,0.712,3,6,3,5,3,3,24
61,-0.188,3,7,4,1,3,5,68
82,-0.188,2,2,4,5,3,8,63
42,-0.57,2,2,3,5,2,7,39
45,-0.188,4,3,5,4,2,2,46
57,-0.188,2,3,3,5,2,6,66
42,-0.188,1,7,5,2,5,2,57
48,0.712,4,7,5,2,4,2,60
44,0.242,2,7,4,2,4,2,45
49,-0.57,2,5,5,1,3,5,67
52,-0.188,2,5,4,4,4,2,56
23,0.242,5,4,1,1,3,7,29
61,0.242,2,9,7,6,4,1,63
62,-0.909,3,9,3,1,3,5,50
55,0.242,1,6,6,3,3,2,64
56,0.712,4,8,6,4,4,2,55
38,-0.188,2,4,5,8,2,8,46
61,0.242,1,2,3,3,4,2,52
57,-0.57,1,1,6,5,3,2,70
54,-1.215,3,7,4,1,3,5,50
51,-1.215,5,6,3,1,2,5,40
62,-0.188,3,8,6,4,3,2,72
77,0.712,2,9,6,2,5,2,54
50,1.267,3,9,7,3,4,2,60
25,-0.57,1,4,4,5,4,6,14
56,0.242,3,6,6,5,2,2,53
54,-0.188,1,5,1,2,3,5,21
33,-0.57,5,2,1,3,2,2,55
57,-0.57,3,8,6,4,3,2,56
22,0.242,3,3,3,4,2,2,33
59,0.712,1,9,6,7,5,8,78
54,1.267,2,8,6,4,4,2,77
67,-1.713,2,1,3,2,1,2,47
45,1.267,2,8,5,6,3,2,57
46,-0.188,2,6,3,2,4,2,43
47,0.712,1,2,6,2,4,2,55
77,0.712,2,9,7,8,4,8,84
48,0.242,3,5,3,4,2,2,46
40,0.242,3,7,5,4,5,2,52
53,1.267,2,4,3,2,3,3,27
57,1.267,2,6,4,7,3,8,58
52,-0.909,1,8,4,4,4,1,54
44,-0.57,3,6,4,1,3,5,43
78,0.242,5,6,2,3,3,2,31
53,-0.57,2,5,6,6,2,8,53
50,0.712,3,8,4,2,5,5,48
53,0.242,2,5,4,2,5,2,58
43,1.267,4,8,4,3,3,2,33
53,1.267,2,7,7,8,2,8,58
81,-0.188,3,8,4,4,2,2,86
40,-1.215,1,1,2,6,3,3,48
53,1.267,2,8,6,6,4,3,66
49,0.242,4,4,4,2,3,2,35
82,0.712,5,9,5,2,4,2,66
62,0.242,2,6,3,2,4,3,24
41,0.242,1,9,5,4,5,2,57
44,-0.188,3,6,6,4,2,7,49
43,-0.188,1,1,1,4,1,6,35
59,0.242,4,9,6,3,4,2,66
44,0.712,1,8,4,7,3,8,89
50,-0.909,2,3,4,7,1,8,56
54,0.242,5,7,5,6,5,2,67
44,-0.57,4,5,4,3,2,4,48
54,-0.57,4,8,6,5,4,1,59
55,0.712,2,9,5,5,5,3,53
44,-0.57,1,1,2,2,3,3,40
63,1.267,4,9,6,4,4,3,81
61,0.242,3,8,5,2,5,2,56
58,0.712,4,7,4,6,3,8,57
60,0.712,3,8,6,3,3,2,62
51,0.712,2,8,5,5,3,2,75
53,1.267,2,7,5,8,4,8,95
40,-0.57,3,3,4,4,1,3,75
43,-0.909,1,1,4,3,2,7,49
36,-1.485,2,7,3,3,2,2,58
85,0.242,4,7,5,5,5,2,72
42,-1.215,4,7,3,3,4,2,47
51,0.242,1,4,5,2,4,2,59
43,0.712,2,5,5,4,4,2,44
59,-0.909,5,1,5,6,3,8,55
58,-0.57,2,1,3,4,3,3,50
48,-0.909,4,3,3,2,2,2,49
39,-0.57,2,3,5,8,2,8,62
53,0.712,4,8,5,5,3,2,63
45,-0.188,4,7,3,5,4,2,44
65,-0.909,2,4,6,8,2,8,57
35,0.712,2,7,2,4,3,2,58
49,0.712,5,9,7,4,4,2,62
48,-0.57,5,2,2,2,3,1,48
79,0.712,2,9,6,4,5,1,78
42,-0.57,3,3,2,3,1,7,56
53,0.242,1,8,5,3,5,2,65
47,-0.188,2,8,4,1,2,5,59
73,-0.57,2,7,5,2,4,4,50
49,-0.188,3,3,5,8,5,8,53
63,-1.485,2,1,1,2,2,2,60
49,0.712,5,7,6,3,5,2,59
46,-0.188,2,8,5,2,4,2,54
60,-1.215,2,1,2,2,1,5,39
41,0.242,4,8,5,2,3,2,35
65,1.267,1,9,7,7,5,8,65
45,-0.188,1,1,2,2,3,6,41
63,-0.57,5,3,2,2,3,4,50
50,0.242,2,6,5,6,3,8,60
36,0.242,2,6,3,2,3,5,45
45,-0.188,2,7,4,8,4,8,54
68,0.712,2,8,4,2,4,2,51
43,-0.188,2,8,1,4,2,2,30
60,0.242,2,8,6,6,5,8,69
27,-0.188,1,6,3,3,5,2,63
46,-0.909,3,1,3,2,1,4,41
56,0.712,1,5,4,2,5,3,40
76,-0.57,1,2,3,4,3,4,30
43,0.242,1,2,5,6,2,8,60
44,0.242,2,7,4,4,4,2,49
46,-0.57,2,9,5,2,4,1,42
49,-1.215,2,1,1,6,1,4,30
36,0.242,5,7,4,4,2,2,28
53,0.712,1,8,7,4,4,2,61
44,0.712,2,8,3,7,5,8,48
61,0.242,2,7,6,5,2,8,69
55,0.242,2,6,6,6,3,4,56
54,-0.188,3,9,5,2,4,2,70
65,-0.188,3,8,4,3,4,2,44
54,0.712,2,8,5,3,4,2,54
43,1.267,2,8,5,5,5,2,46
49,-1.485,2,9,6,2,4,2,46
44,0.712,2,6,5,6,2,8,57
62,0.712,2,2,7,6,4,8,65
51,0.242,4,4,4,2,3,2,53
55,-0.57,1,8,7,8,3,8,49
36,-0.909,2,3,3,7,2,8,33
55,0.712,4,8,7,4,4,2,65
85,0.242,4,5,1,2,4,7,35
54,-1.215,1,4,3,3,2,1,42
50,-0.188,4,1,4,1,3,5,61
54,0.242,4,7,6,3,4,2,59
38,0.242,2,8,6,4,3,2,59
41,-0.188,2,3,2,3,2,2,33
40,0.712,5,7,3,4,5,2,37
45,0.242,2,8,6,8,4,8,78
62,1.267,2,6,7,5,3,6,75
45,-0.57,1,5,6,6,2,8,71
40,0.242,4,9,7,3,5,2,59
50,0.242,2,7,4,6,3,1,61
51,-0.57,2,7,7,5,3,8,72
12,-1.713,1,4,1,6,3,8,70
41,-0.909,1,1,3,1,4,7,45
47,-0.57,1,6,6,4,3,2,53
46,0.712,2,9,5,4,3,2,59
55,1.267,3,8,5,3,5,2,59
38,-0.188,3,4,1,2,4,2,38
40,-0.188,3,7,4,6,2,8,51
45,-0.57,3,2,2,4,3,3,37
42,-0.188,2,5,3,4,3,6,47
46,0.712,1,1,6,7,4,8,54
81,-0.909,2,1,2,2,3,2,54
54,0.242,2,5,6,6,2,8,75
42,-0.188,4,8,4,3,4,8,59
75,0.242,2,9,5,3,2,2,67
66,0.712,2,6,6,8,2,8,75
70,-0.188,2,5,7,7,1,8,80
64,1.267,3,9,5,5,4,2,59
35,0.712,5,1,4,1,2,4,54
42,-0.909,4,5,2,3,5,2,51
58,0.242,5,9,5,3,5,2,44
58,1.267,4,7,5,4,4,2,69
63,0.712,1,7,6,8,3,8,77
67,0.712,1,3,5,2,4,2,62
70,0.242,2,8,6,5,4,1,76
49,-0.57,4,7,4,2,2,2,51
36,-1.485,3,7,1,4,2,2,50
45,0.242,1,1,6,1,2,5,59
67,0.242,1,6,5,8,3,8,74
39,0.242,1,3,5,7,3,8,53
52,0.712,2,8,4,6,4,8,77
36,-1.215,1,1,1,4,3,6,46
33,0.712,2,6,7,6,2,7,49
40,-1.713,2,1,1,3,1,2,51
74,-0.57,2,5,1,5,3,2,52
55,-1.215,4,7,4,3,4,2,56
53,0.712,3,7,7,4,4,2,62
31,-0.188,2,3,1,4,2,6,37
58,1.267,1,3,4,2,4,2,54
55,0.712,2,6,7,7,2,8,63
58,-0.57,2,3,6,5,2,1,36
73,0.712,3,6,7,4,2,2,74
85,0.712,2,3,7,6,4,8,85
63,-0.188,2,3,4,3,4,2,58
52,-0.909,1,5,6,4,3,2,61
41,0.712,2,7,6,6,3,8,67
39,-0.57,4,1,3,2,3,6,24
37,-0.57,1,3,7,8,1,8,50
78,1.267,2,9,6,5,5,6,70
32,-0.188,1,2,1,4,2,3,39
42,-0.57,2,3,7,6,2,8,57
45,0.712,3,8,4,1,2,3,48
55,0.712,1,8,7,7,5,1,69
35,-0.57,2,6,5,5,2,6,55
53,0.712,2,3,5,5,2,1,63
51,0.242,2,8,6,2,5,2,59
55,0.712,4,7,6,4,5,2,60
41,0.712,2,4,7,6,4,8,47
79,-1.485,3,8,7,2,3,2,67
57,0.712,2,6,5,6,2,8,67
35,1.267,2,6,5,4,4,2,53
44,0.712,2,7,7,4,4,3,61
72,0.242,3,5,5,4,1,6,78
70,0.712,2,6,7,8,3,8,65
34,-0.57,5,3,4,5,2,7,34
50,0.242,2,7,7,8,2,1,69
34,0.712,4,8,4,4,4,4,42
49,-0.57,4,1,3,4,2,1,60
57,-0.57,2,7,4,6,2,8,78
56,0.712,1,8,7,8,4,8,76
64,-0.188,3,9,5,2,5,2,78
63,-0.188,2,8,7,6,4,4,56
46,0.242,4,8,4,1,3,5,59
68,0.242,1,8,7,7,3,8,85
59,-0.57,2,7,7,6,5,8,56
58,0.712,5,8,4,3,3,2,61
62,-0.188,5,8,7,4,2,3,74
54,-0.188,1,1,2,2,2,7,31
58,0.712,5,9,7,4,5,2,53
45,0.242,4,9,6,3,3,1,56
31,0.242,1,3,5,4,2,8,60
73,0.242,2,4,5,7,4,8,95
82,-1.215,3,6,6,2,5,5,68
31,-0.57,4,9,5,4,2,2,27
69,0.242,1,4,3,2,3,2,48
59,0.242,2,7,5,6,5,8,75
56,-0.57,4,9,5,4,3,2,55
43,-0.188,2,8,6,5,2,2,62
85,1.267,2,8,6,5,3,2,86
51,-0.188,4,9,7,3,4,8,50
47,0.242,4,7,6,3,4,2,57
26,-0.57,2,7,3,6,3,7,35
55,0.242,1,8,6,2,5,2,59
46,-0.188,2,5,6,8,2,8,63
55,-0.188,5,9,7,2,5,2,47
40,-0.188,2,5,4,5,2,2,47
47,-0.909,2,4,4,1,3,2,50
53,0.712,4,9,6,3,5,2,60
50,0.242,2,9,6,4,5,2,58
54,1.267,3,9,7,3,3,2,51
47,-0.57,4,9,5,1,3,5,60
47,-0.57,3,6,4,6,2,8,65
73,1.267,2,8,6,8,4,3,95
25,-0.909,2,6,4,5,1,4,33
57,0.712,3,5,5,2,5,5,53
42,0.242,3,7,7,3,5,2,69
45,0.712,2,7,3,3,3,2,37
37,-0.188,5,3,2,3,3,1,49
53,0.242,4,4,5,2,3,2,58
72,0.712,2,8,6,5,3,2,79
49,0.242,2,9,5,6,5,8,76
51,-0.188,5,9,5,4,5,3,64
45,-1.215,3,8,5,3,4,2,48
43,1.267,1,9,7,5,4,4,59
40,-1.485,1,2,3,3,2,2,23
34,0.712,4,9,3,4,4,1,44
57,1.267,1,4,5,2,5,2,58
78,0.242,2,9,7,4,5,2,80
58,1.267,2,8,5,5,5,2,66
59,0.712,2,9,7,6,5,1,77
46,0.242,2,8,5,4,3,2,55
34,-0.57,3,7,3,4,2,2,39
55,0.242,2,3,5,6,2,8,63
59,1.267,3,7,5,2,3,2,61
42,-0.57,2,9,5,2,5,2,55
58,-0.909,3,6,2,2,2,2,47
42,-1.215,2,5,2,4,2,2,43
61,0.242,2,7,6,5,3,2,65
42,-0.188,5,4,4,2,3,2,54
43,0.242,2,8,3,7,4,8,49
42,-1.485,2,5,4,3,1,1,45
38,-1.215,5,2,3,4,2,2,50
39,-1.485,1,2,4,4,3,2,39
43,0.242,2,3,6,8,1,8,70
65,0.712,3,9,7,3,5,2,71
55,0.712,2,8,6,6,3,8,67
47,1.267,1,7,5,7,2,8,66
77,0.242,2,6,5,2,4,2,60
63,1.267,1,7,6,5,3,2,64
56,1.267,3,9,6,3,5,2,62
38,-0.909,1,1,1,5,1,5,34
49,-0.909,2,9,7,7,3,8,70
42,0.242,2,9,6,4,3,2,53
47,0.242,2,8,5,6,3,2,43
36,-0.188,2,7,6,6,2,3,60
69,0.242,1,7,5,4,5,2,79
34,0.712,2,5,7,8,2,8,71
53,-0.57,2,5,6,7,3,8,61
58,0.242,2,5,6,5,3,8,56
40,0.242,1,3,2,4,3,2,42
43,-1.485,2,1,2,7,2,8,50
49,0.242,4,7,4,2,4,3,58
46,0.242,2,8,2,4,3,3,34
39,0.712,3,3,4,3,2,7,42
43,0.242,3,4,3,5,2,3,33
42,-0.909,2,4,3,2,2,2,45
17,-0.57,3,8,2,2,3,2,36
50,-0.188,2,8,5,5,2,2,61
54,-0.188,2,8,5,5,2,2,62
25,-0.57,2,2,3,5,2,2,42
51,0.712,4,9,4,1,3,2,61
85,-0.57,1,7,6,3,2,2,78
62,0.242,2,8,7,4,4,2,68
55,-0.909,5,8,3,2,3,4,57
58,0.712,3,8,6,5,5,2,54
44,-0.909,3,1,1,4,1,6,44
36,0.242,1,7,2,3,3,2,50
58,0.712,4,9,7,3,4,2,63
61,-1.215,3,6,5,2,4,2,59
43,0.712,3,6,3,4,3,2,54
51,0.242,2,7,5,8,2,8,65
51,0.712,5,7,5,3,3,2,51
45,0.242,3,9,7,4,3,2,70
37,0.242,3,5,4,1,3,5,63
38,-0.188,4,6,4,4,3,1,52
45,-0.57,3,8,3,2,3,6,47
40,1.267,3,3,3,2,3,2,32
38,-0.57,3,9,4,6,3,2,50
46,-1.215,3,4,4,4,3,2,51
30,1.267,4,7,3,3,2,6,44
43,-0.57,4,1,3,2,2,7,41
39,-0.188,3,8,2,4,2,1,30
46,-1.9,2,5,4,8,2,8,70
48,1.267,2,8,5,8,3,8,61
55,-1.215,2,2,4,3,2,2,58
54,-0.909,1,4,3,4,3,2,42
46,-0.188,2,6,3,2,4,2,54
47,-1.215,5,1,1,8,1,8,44
47,-0.909,2,6,4,7,2,8,69
66,0.242,3,3,4,4,2,2,32
57,1.267,2,6,5,2,1,2,62
53,0.712,5,8,4,3,5,2,58
54,0.712,2,9,5,2,5,2,61
41,-0.188,2,1,3,2,3,2,29
48,1.267,3,9,5,4,5,3,53
53,0.242,4,9,7,2,4,2,57
35,-1.713,4,1,2,2,3,4,35
62,0.242,2,3,3,8,3,8,53
36,-0.188,2,5,5,3,3,2,49
30,-0.57,1,2,1,8,1,8,37
40,1.267,1,7,7,2,5,2,65
45,0.712,2,6,4,6,2,3,48
56,-1.215,1,8,2,5,3,8,62
45,-0.909,2,8,4,4,3,7,49
27,-0.909,3,3,3,3,2,2,49
53,1.267,2,9,6,3,5,2,57
49,-0.57,1,2,3,4,5,1,50
39,-0.188,2,7,4,4,2,2,53
49,0.712,4,7,5,4,4,2,59
64,0.242,1,6,7,5,2,8,75
45,-1.9,2,4,3,2,3,3,54
40,-0.188,5,7,4,4,3,2,46
49,-1.215,2,3,5,4,2,2,67
48,-0.57,2,2,3,6,2,8,52
43,0.242,3,4,4,6,2,8,55
44,-1.215,5,8,3,3,5,4,48
46,0.242,1,9,4,5,3,2,63
40,0.242,2,2,2,3,2,1,50
43,-0.909,2,6,6,7,4,3,51
53,0.712,1,5,3,3,3,2,46
59,0.242,1,1,1,1,3,2,52
49,-0.57,4,6,5,8,3,8,58
66,0.712,2,9,7,6,4,2,79
46,1.267,4,9,5,4,5,2,62
42,-0.188,3,6,4,1,4,2,49
44,-0.188,3,8,7,4,3,3,59
81,0.242,2,3,5,7,3,1,67
49,-0.57,1,8,3,6,3,3,50
39,0.242,2,7,4,4,3,2,52
68,-0.188,2,4,1,2,3,1,33
62,-0.57,5,4,1,2,2,4,45
53,-0.188,2,7,3,4,4,2,50
41,-1.485,2,7,2,2,3,2,43
60,0.712,2,8,6,8,3,2,73
34,-1.215,5,3,2,3,1,4,29
44,-0.188,1,8,6,3,3,2,51
85,0.242,2,8,7,6,3,8,82
42,-0.57,1,3,3,1,4,2,27
48,-0.57,5,7,4,1,3,5,51
25,-0.188,1,1,1,6,1,6,19
50,0.712,1,5,5,4,4,2,66
53,1.267,2,7,4,8,5,8,61
42,-1.215,5,5,4,3,3,2,68
41,-0.188,2,5,4,8,2,8,59
41,0.242,1,2,3,8,2,8,49
56,0.242,4,7,7,4,2,2,70
51,-0.188,5,6,2,2,3,7,43
55,0.712,4,8,5,4,4,2,51
46,0.242,1,3,2,8,4,3,51
77,-0.57,4,8,4,3,2,2,75
81,1.267,2,9,6,5,2,2,65
49,0.242,3,8,6,4,3,2,58
64,1.267,2,9,7,8,5,8,80
55,-1.215,1,3,1,5,5,3,30
31,-0.57,2,3,2,8,2,8,34
32,-0.188,2,4,5,6,3,8,54
49,0.712,3,5,5,6,3,2,54
37,0.242,2,8,3,3,5,2,56
59,-1.215,1,4,3,1,3,2,52
39,-0.188,2,3,5,8,1,1,58
45,1.267,3,7,6,1,4,2,58
54,1.267,4,9,3,2,5,7,49
47,0.242,3,8,4,5,4,2,55
82,-0.909,3,7,1,3,2,2,56
45,-0.188,4,1,1,3,3,4,40
51,-0.57,1,3,4,6,4,3,41
75,-0.57,2,1,3,4,3,5,14
70,0.242,2,8,5,5,3,2,69
41,-0.909,1,1,4,1,2,2,32
50,0.712,1,2,4,7,5,8,49
44,0.712,1,8,7,3,4,2,61
44,0.712,4,9,4,4,4,2,50
57,0.242,2,6,7,6,3,8,71
78,1.267,1,6,3,2,4,2,71
30,-0.188,2,9,5,6,3,2,47
69,-0.188,2,9,6,5,2,2,73
44,0.242,3,8,3,5,4,2,51
13,-0.909,5,3,2,2,2,7,30
57,0.712,2,9,6,7,5,8,61
60,-0.909,3,4,5,5,3,2,49
51,0.242,4,3,4,5,2,7,46
61,-0.188,3,7,2,3,5,2,42
54,0.242,2,4,5,5,3,2,47
26,-1.215,4,1,2,3,1,6,48
50,0.712,1,5,6,7,4,8,54
42,0.242,2,8,3,3,5,2,56
44,0.712,1,6,5,2,3,2,51
85,-0.188,4,8,4,6,3,4,66
55,1.267,2,1,4,6,3,8,63
51,-0.57,2,3,4,6,2,8,58
42,-1.215,4,4,1,3,3,2,34
48,-0.188,2,3,5,8,1,8,52
85,-2.053,2,9,7,6,2,2,95
44,0.712,2,8,7,6,4,8,62
53,0.712,2,9,7,6,5,8,81
54,1.267,2,8,7,6,5,8,78
43,0.712,4,5,2,3,3,2,40
44,1.267,3,9,7,6,3,2,56
51,0.242,2,9,7,6,5,1,63
35,1.267,3,8,6,7,4,8,54
58,0.242,2,9,6,2,5,2,63
43,-0.188,2,6,5,5,3,2,51
43,-0.57,3,8,5,4,2,2,48
48,-0.188,2,8,3,4,2,2,46
41,-0.909,1,8,4,8,2,8,52
35,-1.485,4,3,1,2,3,2,46
52,0.712,2,4,5,7,2,8,66
64,0.242,2,5,5,2,3,2,68
52,-0.188,3,4,7,4,2,7,62
35,-0.909,4,1,1,1,2,8,50
42,0.712,1,7,4,8,2,8,57
49,-0.188,1,3,6,6,3,6,32
18,-0.57,3,3,1,6,1,6,45
52,0.712,1,6,7,7,5,8,79
39,-0.57,4,7,5,5,2,2,47
40,-0.909,4,3,5,4,4,7,42
79,-1.485,2,3,4,5,1,2,43
54,-0.57,2,3,4,3,3,2,51
58,-0.909,5,4,2,2,2,4,55
41,0.242,4,3,4,4,2,1,49
55,-0.57,1,7,7,7,4,8,63
51,-0.188,2,2,4,7,3,8,55
51,-1.485,1,1,2,6,3,8,39
53,0.242,3,8,4,1,3,5,61
47,1.267,3,5,3,4,2,2,45
53,0.242,1,6,6,4,4,2,44
64,1.267,3,8,4,5,5,2,54
29,0.242,2,8,3,5,2,2,48
56,1.267,2,6,6,6,2,8,72
53,0.712,1,7,6,7,5,8,65
53,1.267,2,9,7,4,4,7,67
58,-0.188,3,7,5,2,4,2,57
38,-0.909,2,8,3,5,5,3,56
58,1.267,2,8,7,6,2,8,87
43,-0.57,1,1,2,1,3,5,51
69,0.242,5,6,3,3,4,1,46
49,-0.57,3,5,4,2,4,2,39
44,0.242,1,2,4,7,2,1,46
58,0.712,3,9,5,5,5,2,60
42,-0.909,2,1,1,4,2,7,35
79,-0.909,2,2,2,2,2,3,17
15,-0.909,2,3,2,6,1,8,36
63,0.242,2,8,5,5,3,2,74
45,0.712,3,6,2,6,3,2,44
32,-0.57,2,7,2,4,2,2,28
51,0.712,2,5,5,6,2,2,59
60,1.267,2,6,6,3,5,2,68
39,0.242,2,9,5,4,4,2,62
64,0.242,2,8,7,7,2,8,85
38,1.267,2,4,3,6,2,2,38
52,1.267,2,5,5,8,4,8,62
47,-0.909,1,1,2,2,2,1,27
73,0.242,2,4,7,6,5,8,95
41,-0.909,1,2,6,8,2,8,51
63,-0.909,3,7,3,1,2,5,36
28,-0.57,4,7,3,4,3,4,32
57,0.242,2,3,2,5,3,1,51
51,-0.909,5,1,1,3,1,1,42
66,1.267,2,4,5,2,4,2,49
34,-1.485,2,6,4,7,3,8,55
39,-1.215,3,2,1,4,1,6,45
51,1.267,2,6,4,5,5,8,59
28,-0.57,2,1,3,5,3,1,33
48,-1.9,5,1,1,4,1,7,31
41,0.712,2,8,5,5,4,1,41
76,1.267,1,9,7,6,2,8,75
55,-1.215,2,4,5,3,5,2,55
38,-0.909,5,2,3,2,3,4,38
33,0.242,2,1,1,2,2,7,23
43,-0.57,2,1,6,3,3,3,65
50,-0.188,4,6,4,2,2,2,46
42,-0.909,2,1,1,3,1,4,48
40,-0.909,1,1,3,6,2,8,42
49,1.267,3,5,5,8,4,1,52
31,-1.215,1,3,3,3,3,2,58
45,-0.909,1,3,1,7,2,8,42
57,0.712,3,7,4,2,5,2,64
45,0.242,3,9,6,6,4,8,60
49,-0.57,2,1,1,4,1,7,37
61,0.712,3,9,7,4,5,1,67
52,-1.485,1,1,2,4,1,1,53
44,-0.188,5,3,3,2,2,2,49
42,-1.215,2,4,4,5,3,2,50
56,-0.188,2,8,6,2,4,2,53
54,0.242,2,9,5,6,5,8,72
64,-0.909,5,5,4,2,2,1,62
48,-0.909,3,1,1,2,2,6,34
33,0.242,2,1,1,5,2,3,37
67,-0.188,1,9,3,4,5,2,43
40,-0.909,4,9,7,4,4,2,57
35,-0.188,1,2,1,5,4,2,49
32,-1.215,1,2,1,6,2,8,48
30,0.242,2,5,4,8,4,8,56
59,-0.57,5,3,4,8,2,8,60
53,-0.188,2,8,7,5,3,2,82
51,0.242,4,7,4,4,4,2,50
14,-0.57,4,3,4,4,2,2,38
56,-0.188,4,9,4,3,5,2,63
53,-1.215,2,5,4,6,4,8,68
39,0.242,1,3,1,4,2,6,36
80,-1.485,2,2,3,4,2,2,37
37,-0.909,1,1,2,4,1,6,14
59,-0.57,2,5,5,8,2,8,79
39,-1.215,5,3,4,2,2,7,48
75,-1.485,4,1,1,2,1,6,41
30,-0.188,2,1,2,6,3,8,36
54,-0.57,4,6,6,2,4,2,78
55,0.242,2,7,7,8,2,8,86
30,-0.188,3,3,5,5,2,2,37
42,-0.909,2,4,3,1,3,2,46
42,-0.188,3,3,4,1,3,3,48
43,-0.57,2,1,1,6,1,8,51
25,0.242,3,7,1,2,3,2,23
31,0.712,2,3,4,4,3,2,46
49,0.712,2,6,6,1,4,2,80
78,0.242,4,9,6,3,5,2,66
62,0.242,2,8,6,8,4,8,70
76,0.242,3,9,5,4,5,2,63
33,-0.909,2,8,1,4,2,2,41
44,-1.215,2,1,2,1,3,3,49
51,1.267,2,9,6,8,5,8,68
41,0.712,1,6,7,4,2,3,61
50,-0.188,2,7,6,3,3,2,63
64,-0.909,2,9,6,4,4,2,78
49,0.712,4,5,3,5,2,1,46
51,0.712,2,6,5,8,5,8,69
24,-0.909,2,1,1,4,2,7,32
49,0.712,2,2,5,6,4,8,59
55,0.712,2,8,6,2,4,2,77
45,-0.57,4,7,5,3,3,1,48
37,-0.57,5,6,3,2,3,2,47
55,1.267,4,9,6,4,4,2,68
69,-1.215,1,1,3,4,3,4,29
42,-0.909,4,3,1,2,1,2,40
26,0.242,5,5,1,3,3,2,29
44,-0.57,3,9,3,1,4,2,50
48,-0.909,2,4,3,4,3,2,48
49,-1.215,4,1,2,1,3,5,51
39,0.242,5,7,3,4,3,3,14
67,-0.188,2,2,6,5,2,3,52
56,-0.188,5,7,2,3,4,2,54
57,1.267,2,6,7,6,4,8,83
45,1.267,2,6,5,4,4,2,57
41,-0.188,2,4,1,8,3,6,26
49,1.267,3,7,2,5,2,2,47
66,-0.188,2,7,7,8,3,8,76
58,1.267,3,9,6,3,5,2,70
32,-1.215,3,8,3,1,3,5,36
78,-0.188,2,3,6,6,3,8,68
43,-0.188,4,9,4,5,3,2,37
52,-1.713,5,4,4,3,3,2,50
44,-0.57,2,7,7,8,2,8,63
52,-0.188,2,7,6,6,4,8,59
40,-1.215,2,3,4,6,3,6,51
34,-0.188,2,3,4,7,4,8,51
42,-1.9,5,7,3,3,2,2,55
48,0.712,1,7,4,4,5,1,51
82,0.712,2,7,6,6,2,8,81
63,-1.485,2,3,2,6,3,8,68
56,1.267,2,9,7,8,5,8,66
70,0.712,4,9,7,4,4,2,68
60,0.242,2,9,7,4,5,2,65
57,-0.188,2,6,7,8,3,8,74
44,0.712,2,5,5,6,2,8,75
68,0.712,4,9,5,4,5,2,74
40,0.242,2,4,4,7,2,1,46
29,-0.57,5,1,2,3,1,7,40
32,-1.215,3,4,1,2,5,2,40
39,-0.909,5,5,3,2,3,7,48
40,-0.57,3,7,2,5,2,4,56
54,-1.713,2,2,4,1,3,3,34
71,0.712,4,6,6,2,2,2,71
52,1.267,3,9,7,4,4,4,65
38,0.712,4,6,4,3,2,2,64
34,0.242,2,5,7,6,4,8,50
27,-1.215,4,2,3,4,1,4,52
60,-1.215,3,3,6,8,2,8,66
56,-0.188,4,8,6,4,2,6,58
56,0.242,1,1,6,4,2,3,71
54,-0.188,2,4,6,2,3,2,54
45,0.712,1,1,4,6,2,8,51
68,0.242,2,6,6,8,2,3,58
43,0.712,2,7,5,8,5,8,49
48,0.242,5,6,3,1,3,2,56
42,-1.713,5,2,6,2,1,7,49
56,0.242,2,8,6,4,5,2,56
45,-1.215,3,7,3,1,3,5,50
46,1.267,1,2,1,6,4,8,55
37,-0.909,3,3,1,8,1,8,36
44,0.712,2,6,7,8,4,8,62
62,-1.485,4,4,1,3,2,2,35
53,-0.57,2,8,4,5,2,1,43
36,-1.713,2,1,1,2,1,6,24
34,-0.188,3,8,3,4,3,2,48
75,-0.188,4,7,5,3,4,2,74
41,-0.909,1,1,3,3,3,3,42
57,0.242,2,8,7,8,4,8,64
57,0.242,3,9,7,7,3,4,63
42,0.242,2,8,6,5,2,4,61
61,-1.713,4,1,6,3,1,1,65
81,-1.485,4,1,4,2,1,3,62
43,0.242,2,3,3,4,3,2,51
77,-0.188,2,8,5,3,4,2,77
54,0.242,2,8,7,5,4,2,66
35,-0.188,1,9,5,2,5,6,64
34,0.242,5,5,4,4,3,1,53
54,-0.57,2,7,7,4,2,1,84
60,1.267,2,9,7,8,5,3,71
54,0.712,3,8,7,4,5,1,62
53,0.712,2,7,6,5,2,1,53
46,-0.57,1,2,6,8,5,8,58
47,-0.909,4,8,4,5,2,2,59
85,0.242,1,9,7,6,5,8,84
56,0.242,4,5,5,3,5,1,59
53,0.712,3,9,7,4,5,1,65
47,0.242,4,4,3,2,3,2,57
42,-0.57,2,2,6,7,3,8,52
44,0.242,2,3,2,5,5,7,48
71,0.712,1,3,6,4,3,2,48
16,-0.188,2,1,2,7,1,8,40
61,0.712,2,8,6,5,4,2,55
42,0.712,2,6,6,7,3,8,53
58,0.712,2,7,4,8,5,8,66
59,-1.485,2,7,1,3,2,6,62
50,-0.57,1,5,6,4,2,8,67
41,0.712,1,1,1,6,2,1,39
57,1.267,2,7,6,6,5,1,75
56,0.712,1,7,7,6,5,8,66
54,0.712,2,2,1,8,4,8,30
53,0.712,3,8,4,5,3,2,58
57,0.242,2,1,1,4,3,4,43
76,0.712,4,7,5,2,3,2,63
65,0.242,4,6,5,3,4,2,49
51,0.242,2,6,5,6,2,8,80
58,0.242,2,6,7,5,2,1,58
57,1.267,2,7,5,6,4,2,59
71,0.242,2,9,6,6,3,8,79
60,-0.57,1,8,6,1,3,5,64
63,-0.57,5,6,3,3,2,1,49
44,-0.188,1,5,4,8,3,8,52
85,-0.909,1,3,5,6,2,3,95
39,-1.485,2,1,4,2,4,2,44
42,-1.215,3,2,5,1,2,1,46
38,-0.57,2,3,7,8,2,8,61
48,-0.57,1,6,6,8,3,8,47
58,0.242,4,9,5,4,4,2,63
44,0.242,2,3,3,8,4,3,51
46,0.242,1,9,7,8,5,8,78
53,-0.188,2,2,1,3,2,2,68
49,0.242,1,1,5,8,2,8,57
54,-0.57,2,7,7,8,2,8,65
53,0.242,5,2,3,6,3,8,66
58,0.242,2,8,7,4,5,8,59
54,-0.188,3,8,6,3,4,2,72
56,1.267,1,6,5,6,5,8,56
38,-0.188,2,8,7,4,3,2,53
49,-1.485,3,2,3,1,3,5,46
49,0.242,3,8,6,5,4,3,68
50,1.267,2,7,4,8,4,8,63
43,-0.57,1,2,5,8,2,8,53
77,-0.57,3,9,7,6,3,2,86
27,0.242,5,3,5,1,1,4,48
56,0.712,2,9,7,5,3,2,68
56,-0.909,2,6,4,2,3,2,60
41,-0.188,4,9,5,4,5,4,63
56,0.242,1,9,7,6,3,2,72
47,0.712,3,7,3,4,5,2,40
35,-0.188,2,2,3,1,2,3,43
45,0.712,2,6,4,4,1,2,55
80,-0.57,1,6,5,7,3,8,81
43,-1.713,1,2,6,8,2,8,50
42,0.242,2,1,2,4,1,4,36
50,0.242,1,7,7,6,4,1,59
61,-0.909,4,5,6,2,3,3,61
42,0.242,3,7,6,6,2,8,57
53,-1.485,2,7,3,3,4,2,49
65,0.712,2,8,5,8,5,8,76
40,0.242,5,8,5,3,4,2,33
65,-1.713,5,2,3,3,2,1,47
42,-1.215,3,7,6,3,2,2,45
45,-1.485,1,1,5,8,2,8,59
52,0.712,2,9,5,8,4,8,73
50,-0.909,5,4,2,3,3,4,45
58,1.267,4,9,6,3,4,2,61
85,0.242,4,8,4,1,3,3,83
34,-1.215,1,1,4,7,2,8,63
42,-0.909,3,2,4,6,1,8,60
51,0.242,2,9,7,4,4,2,57
54,1.267,4,9,7,3,5,4,73
47,-1.215,2,2,3,6,2,3,50
42,-0.188,2,8,5,5,4,2,49
66,-1.713,2,1,1,2,2,6,60
85,1.267,2,9,6,5,5,1,71
51,0.712,3,6,5,5,3,6,62
33,-0.188,3,2,4,2,2,2,37
43,1.267,1,9,7,6,5,1,57
34,0.242,3,7,4,3,3,7,44
41,0.712,2,7,7,6,4,8,54
56,-0.188,1,8,4,6,3,2,62
54,-0.57,3,3,6,4,4,1,70
36,-0.57,1,6,6,7,3,8,51
64,-0.57,3,7,5,4,3,2,57
46,0.712,2,8,5,5,4,2,63
59,-0.57,5,7,6,4,3,2,55
85,1.267,2,9,7,7,2,8,95
69,0.712,3,9,5,4,4,2,67
56,1.267,2,5,5,6,3,1,62
58,-0.57,1,7,6,7,5,2,63
57,0.712,2,7,7,6,3,8,81
58,0.712,2,9,4,4,4,2,58
45,0.712,2,7,5,5,2,2,58
32,-0.188,1,2,3,6,2,8,47
41,0.712,4,7,6,3,5,2,51
42,-1.215,3,4,1,2,1,2,49
35,-1.485,4,6,3,5,2,2,49
33,-0.57,2,5,3,2,2,2,46
43,0.242,1,7,4,6,4,8,61
41,-0.188,2,7,5,2,4,2,67
66,1.267,2,8,3,4,3,1,58
53,0.712,3,9,7,5,5,3,80
48,-0.57,3,3,4,2,3,2,54
38,1.267,1,8,7,4,5,2,70
58,-0.188,2,6,3,7,2,1,60
44,-1.485,2,8,6,7,5,8,53
72,0.242,1,8,6,2,3,1,69
53,0.242,2,7,6,8,5,8,76
44,-0.188,4,8,5,1,3,5,59
47,0.242,4,4,3,1,4,2,42
39,-0.188,5,6,3,2,1,3,35
45,0.712,1,8,7,8,5,8,69
40,1.267,4,6,5,6,3,8,53
43,1.267,4,8,5,4,4,2,60
78,0.242,3,6,5,7,5,2,68
51,-0.909,4,5,4,3,2,2,39
44,-0.57,1,2,3,3,2,6,53
28,-0.188,2,7,3,7,5,8,31
46,-0.188,4,7,4,2,4,3,51
46,-0.188,5,8,5,3,3,2,52
54,-0.57,3,8,6,7,5,8,69
48,-0.188,4,8,5,5,4,8,58
60,0.242,2,8,7,6,5,8,76
53,0.242,1,5,5,6,5,8,59
47,-0.188,3,1,2,5,2,6,49
32,-0.909,2,4,4,4,2,1,57
41,0.712,1,7,7,8,3,8,55
45,1.267,3,3,7,1,4,1,55
42,0.712,3,8,6,4,4,4,60
61,1.267,2,9,7,2,5,2,64
55,-0.57,4,6,5,1,3,7,70
26,-0.909,2,2,2,2,2,2,26
36,-0.57,2,2,6,6,2,8,56
40,-0.188,4,1,3,6,1,6,47
66,-0.188,4,8,6,2,4,4,77
40,-0.57,5,5,4,3,2,2,41
39,-0.188,3,8,5,1,3,5,50
38,-0.188,5,4,1,3,2,2,44
82,0.712,4,1,3,1,3,5,53
49,-0.57,1,1,2,5,1,6,17
58,0.712,1,7,5,4,3,7,57
32,-0.909,1,3,2,5,3,8,40
58,0.242,2,6,6,3,4,4,61
48,-0.188,1,6,5,3,3,2,60
51,-0.188,5,6,3,3,3,2,56
85,0.242,2,8,5,4,3,2,72
43,-1.215,1,1,3,6,3,6,44
40,-0.909,4,6,5,4,3,1,55
39,-0.57,1,3,3,4,2,2,52
52,-0.57,1,3,6,5,3,6,68
54,0.242,1,4,7,4,2,2,58
48,-1.485,3,5,3,2,2,1,48
49,-0.188,1,4,4,4,1,2,41
45,-0.188,2,1,4,4,2,2,56
45,0.242,3,2,3,7,3,8,55
76,0.712,2,8,6,7,2,4,95
72,-0.57,4,7,6,4,2,2,76
23,-0.57,5,3,3,2,2,2,41
54,0.242,3,8,5,4,3,2,59
60,0.712,2,2,4,8,3,8,55
42,-0.57,5,5,3,3,3,2,49
52,-0.57,1,5,6,8,2,8,63
69,1.267,5,8,3,5,3,3,57
33,-0.57,5,3,1,2,3,7,49
61,0.242,2,2,4,7,1,8,61
54,0.712,2,5,7,6,2,8,68
56,0.242,4,9,6,4,4,2,74
72,0.712,2,7,7,7,4,8,75
51,-0.188,2,7,6,8,2,8,81
46,0.712,3,3,7,8,2,8,75
54,0.242,2,7,5,6,3,8,75
42,-0.188,3,4,4,4,2,2,36
56,-1.215,2,9,5,5,2,8,83
45,-0.188,2,8,4,3,3,7,54
27,-0.188,2,8,4,1,3,5,42
53,-0.57,2,6,6,8,2,8,64
44,-0.909,1,3,5,8,3,8,41
37,-1.713,4,5,2,3,2,4,45
54,-0.909,2,9,4,6,4,3,66
48,0.242,3,8,7,6,3,8,55
50,0.712,2,4,4,5,2,4,63
59,0.712,1,5,7,3,3,2,50
70,-0.188,2,8,7,6,5,2,66
54,0.712,1,4,6,8,2,8,79
42,-0.188,2,3,2,6,3,8,37
57,0.242,3,9,5,3,4,2,60
55,-0.909,2,7,5,4,3,1,62
52,-0.57,2,7,6,4,2,2,60
30,-0.188,3,3,4,6,2,2,46
42,-0.909,4,1,5,4,5,2,52
55,-1.9,3,3,3,4,2,7,47
42,0.712,4,8,5,2,4,2,54
52,-0.188,3,3,2,8,2,8,39
68,-0.57,4,3,3,2,3,1,62
44,0.242,2,5,4,6,2,2,52
77,-0.57,1,3,3,1,2,4,52
42,-1.215,3,4,1,1,3,7,52
39,-0.57,2,8,4,2,3,3,50
64,-0.188,1,9,4,4,4,1,65
48,0.712,2,5,6,7,3,8,61
57,0.242,2,5,7,6,2,8,82
46,-1.215,2,3,6,8,2,8,65
57,-0.188,2,9,7,5,3,1,75
43,-1.215,1,1,1,5,1,8,37
50,-0.57,4,4,3,2,3,4,50
47,0.242,3,8,4,3,5,2,50
55,0.242,4,6,3,1,1,3,50
42,-0.57,2,5,4,4,2,2,35
71,0.712,2,6,5,5,3,3,66
56,-0.909,3,4,3,2,3,2,47
49,0.712,2,8,5,8,5,8,68
62,-0.188,2,4,3,6,3,8,44
50,0.712,4,7,4,1,2,5,60
54,0.712,2,2,5,8,2,8,66
48,0.712,3,5,6,6,3,8,60
34,-0.57,2,2,4,8,2,6,47
45,0.712,1,7,7,4,3,2,68
62,-0.57,2,4,2,5,3,2,23
50,0.242,2,7,7,7,4,3,72
52,0.242,5,7,2,4,5,3,54
71,-0.57,1,7,6,8,5,8,68
57,0.712,2,7,4,5,2,2,64
33,-0.57,2,8,1,3,2,2,50
42,0.712,2,6,3,6,3,2,38
49,0.712,1,6,7,8,2,8,66
38,-0.188,4,1,2,2,1,7,19
46,-0.57,4,9,4,3,4,2,64
53,1.267,2,8,5,6,4,8,59
48,-2.053,2,1,4,1,3,7,60
76,1.267,3,9,7,5,3,1,61
58,0.712,2,7,6,6,3,8,63
40,0.712,5,3,1,4,4,1,52
40,0.242,3,6,5,6,4,1,50
50,-0.909,1,1,2,5,1,6,29
51,1.267,2,4,7,7,2,8,72
44,-0.57,1,1,1,1,1,3,41
31,0.712,3,9,5,1,4,1,69
50,0.712,2,5,4,6,3,3,60
35,-0.57,1,1,2,5,1,6,35
66,-1.485,3,1,1,3,2,7,28
25,-1.215,2,1,2,4,1,6,37
45,-0.909,2,7,4,5,3,2,68
55,-0.909,3,8,5,1,3,2,60
48,-0.57,2,3,5,8,2,1,56
76,-0.57,2,1,3,4,2,7,40
49,-0.909,2,5,5,5,2,8,59
35,0.242,1,2,5,5,2,1,67
73,-0.909,4,7,2,4,3,1,53
44,0.712,1,1,3,1,3,5,51
38,0.242,3,6,3,5,2,4,25
53,0.712,1,7,7,6,3,2,66
41,-1.215,2,8,4,2,3,2,51
75,0.242,2,8,6,4,5,2,75
43,-0.57,5,1,2,1,1,2,54
49,-0.57,2,5,5,7,2,8,72
48,0.712,2,7,3,7,3,8,63
51,0.712,2,8,6,4,3,8,74
58,1.267,4,8,6,3,4,2,69
30,-0.188,1,4,7,5,2,7,57
47,0.712,1,9,6,5,3,1,53
56,0.712,3,6,5,6,5,2,56
24,-0.188,1,6,2,4,1,6,34
56,-0.57,3,8,7,5,4,2,72
73,-1.485,1,1,1,3,1,7,40
48,-0.57,2,6,6,8,5,8,61
49,0.242,3,1,5,8,4,8,60
42,-0.188,2,7,5,3,2,5,50
50,0.712,2,4,7,8,2,8,73
15,-0.188,1,2,3,3,3,3,49
51,-0.188,2,4,4,8,3,8,66
81,-0.188,3,7,4,3,3,2,71
40,0.242,1,1,5,6,3,8,58
34,0.242,5,9,3,1,3,3,31
69,0.712,1,7,7,4,4,2,69
64,-0.188,1,8,7,4,3,1,76
38,-1.713,5,5,4,3,1,2,44
59,1.267,2,8,5,4,3,2,65
53,0.712,2,7,6,3,5,2,70
43,-0.188,5,8,4,1,3,3,48
41,-1.713,1,1,2,6,1,8,58
66,-0.188,1,4,7,8,3,8,75
42,-0.57,4,7,6,3,2,2,49
52,0.242,3,5,5,5,4,3,52
56,0.242,1,9,4,5,3,6,53
58,0.712,2,6,5,4,3,2,65
29,-0.909,5,4,1,2,2,4,43
50,0.242,5,4,6,8,4,8,61
44,0.712,5,5,1,5,2,2,48
85,1.267,4,9,7,2,3,1,86
42,0.242,2,8,4,4,3,2,47
54,-0.909,1,4,6,4,4,1,75
59,-0.909,4,2,1,2,3,2,38
53,1.267,1,2,5,8,2,8,63
40,-1.713,2,3,1,1,4,2,50
44,0.242,4,8,3,1,3,5,56
78,0.712,4,7,5,5,4,2,61
72,1.267,2,9,7,6,4,8,80
50,1.267,1,7,5,4,4,2,40
29,-0.909,1,7,3,5,5,8,51
47,1.267,1,6,4,7,3,8,64
41,-0.909,1,3,3,3,2,2,55
58,-0.909,3,3,3,4,2,2,59
54,1.267,2,7,7,7,5,1,67
55,0.712,3,9,5,5,3,2,58
57,-0.909,1,2,4,8,3,8,61
42,0.242,2,8,7,5,4,8,69
53,-0.188,4,1,5,4,1,3,59
53,-0.188,4,7,5,3,4,2,54
35,-0.909,2,1,3,2,2,3,32
54,0.712,1,3,5,8,3,8,50
57,1.267,2,6,7,7,4,8,80
45,-0.909,5,7,5,1,3,3,42
36,0.712,1,5,6,8,1,8,50
54,-0.188,2,6,7,8,2,8,84
58,-0.188,5,3,3,3,2,2,47
47,-0.188,2,7,6,8,4,8,81
41,-0.909,3,1,2,2,3,2,48
60,-0.188,2,6,6,7,3,8,75
57,1.267,2,9,6,6,4,8,69
76,0.712,2,7,5,6,2,8,58
55,-0.57,2,4,6,1,3,2,69
58,0.242,3,7,4,5,2,2,57
53,-0.909,2,7,4,5,2,2,57
46,1.267,1,6,7,8,4,4,70
56,-1.215,4,3,2,2,3,4,30
57,-0.57,2,8,4,5,3,2,61
40,-0.188,3,8,5,6,4,8,54
57,-0.188,3,1,4,6,2,8,52
37,-0.57,1,1,2,6,3,8,35
58,-0.909,2,5,6,6,2,8,57
59,1.267,2,7,5,8,3,1,73
47,-1.215,2,6,5,4,3,2,49
57,-0.57,1,9,6,8,5,8,63
29,-0.909,3,1,1,1,2,2,46
39,0.712,2,3,6,8,1,8,52
51,-1.215,2,2,5,8,2,8,59
46,-0.57,3,4,1,4,1,4,44
56,1.267,5,6,5,3,2,4,61
46,-0.57,2,3,5,6,3,8,55
49,-0.57,2,8,7,8,3,8,71
55,1.267,1,5,7,8,5,8,95
44,-0.57,4,6,1,3,2,2,44
46,0.712,2,9,7,5,3,1,56
58,0.242,5,9,4,2,4,2,60
41,-0.909,4,3,3,6,3,6,33
41,-1.215,1,1,2,5,3,8,54
42,-0.188,5,8,4,4,1,2,38
73,0.242,1,5,5,8,5,8,78
57,0.242,3,7,5,6,3,8,64
58,-1.713,4,1,5,4,2,2,54
31,0.242,1,2,4,7,2,8,50
56,1.267,1,5,4,4,3,2,59
30,-0.57,4,3,2,1,3,5,39
43,0.242,1,2,5,6,3,4,47
39,-0.188,2,2,2,4,2,7,27
30,-0.909,5,9,4,4,4,2,34
31,0.242,3,8,3,2,3,3,43
47,0.712,4,5,4,1,3,3,57
35,0.242,2,1,1,3,5,3,38
51,-1.485,3,2,4,4,3,6,61
50,-0.57,2,3,4,5,2,4,61
54,1.267,2,7,7,5,4,8,68
45,0.242,2,4,4,6,4,6,61
40,-0.909,1,1,2,4,2,7,49
55,-0.188,4,7,5,3,3,3,49
40,-0.57,2,2,4,8,2,8,59
79,-1.485,2,1,3,6,1,8,34
43,1.267,1,2,5,8,2,8,51
40,-0.909,2,2,3,6,1,4,41
47,-0.188,1,6,5,6,5,2,50
44,0.242,2,5,7,6,2,8,47
56,1.267,2,8,2,7,5,8,84
59,-0.57,2,7,5,6,3,2,63
54,0.712,2,7,5,3,4,2,62
58,1.267,1,5,5,5,3,3,56
74,0.242,2,8,5,3,5,2,67
42,1.267,1,6,5,7,2,8,61
56,-0.188,2,8,7,6,3,1,63
43,-0.188,5,7,3,3,3,2,55
45,0.242,2,8,6,5,2,2,63
35,-0.909,1,5,3,6,3,2,52
58,0.712,1,1,7,6,3,8,85
61,0.712,2,8,5,8,4,8,73
44,-1.713,2,1,1,6,2,8,56
45,-0.57,4,8,5,4,3,2,52
38,0.242,1,2,5,7,4,8,55
53,0.242,2,7,7,8,5,8,67
39,-0.57,3,1,1,4,1,6,41
82,0.712,5,8,6,3,5,2,66
54,0.712,1,7,7,5,4,2,63
35,-0.188,2,5,4,2,2,2,43
58,-0.909,5,5,2,1,2,3,51
55,-0.909,3,1,2,4,2,8,30
61,-0.57,3,6,5,6,3,8,69
44,1.267,2,6,6,8,4,8,62
38,0.712,1,6,7,8,1,8,66
49,-1.485,1,1,5,6,3,3,58
44,-0.188,4,5,2,3,2,2,53
62,-0.909,3,8,6,6,3,8,66
36,0.242,4,2,3,4,2,3,40
54,-0.909,1,4,6,8,3,8,48
43,-0.188,2,8,6,2,4,2,67
34,-1.485,4,1,1,2,1,7,42
63,-0.188,1,3,5,8,2,8,62
79,-1.215,2,6,6,3,2,6,66
48,0.712,2,8,7,6,5,8,61
42,0.242,3,3,1,2,3,6,41
36,0.242,4,8,6,4,4,2,53
47,-0.188,2,7,3,6,2,8,63
49,1.267,1,6,5,8,2,8,60
55,0.712,1,9,6,8,5,8,95
48,-0.188,4,6,4,2,3,2,47
49,0.242,2,6,7,6,4,4,63
55,-0.188,1,4,6,5,2,2,59
55,-1.215,2,3,6,6,2,8,67
56,0.242,1,3,4,8,3,8,74
77,1.267,2,9,7,6,5,2,85
33,-1.215,2,1,1,3,2,2,29
50,0.242,2,6,4,2,4,3,55
58,0.242,1,7,5,6,5,2,63
36,-0.909,1,6,4,6,5,2,56
54,0.242,5,8,6,4,3,2,66
57,0.242,1,4,1,8,5,8,58
52,-0.188,2,5,4,7,3,8,71
16,0.242,2,5,3,3,4,2,31
39,-1.713,4,8,4,1,2,5,49
50,0.712,1,7,7,7,2,8,78
10,-0.188,1,5,2,2,3,2,25
81,-1.485,4,3,3,1,2,7,60
33,-0.57,2,2,6,6,3,2,47
41,-0.57,5,1,3,6,2,1,43
52,0.242,4,8,5,2,5,2,44
48,-0.909,5,9,3,6,2,1,46
43,-1.713,3,7,5,6,5,2,52
57,-1.713,5,9,4,8,2,8,63
30,0.242,4,8,3,1,3,2,50
51,-0.188,2,7,4,2,3,2,53
41,-1.485,2,1,2,8,1,7,53
55,0.242,2,6,6,8,4,8,55
46,1.267,3,3,4,1,3,3,47
53,-0.188,2,8,7,4,3,4,60
38,0.242,1,5,5,5,3,2,55
43,0.242,4,9,7,5,5,4,70
51,0.712,2,8,4,5,4,2,59
49,-0.909,4,4,1,6,5,4,47
58,0.242,3,7,6,2,5,4,61
52,0.242,4,8,4,5,3,6,46
53,0.242,1,5,4,6,3,2,58
51,-0.188,2,3,6,7,2,8,65
54,-0.57,2,3,5,6,1,6,63
53,-0.57,1,2,5,8,2,8,57
59,-0.57,3,9,6,6,3,8,69
51,0.712,2,5,5,2,2,2,54
49,-1.485,4,9,5,1,2,2,40
66,-0.188,2,8,5,7,4,8,95
55,1.267,1,5,7,7,5,8,70
46,-0.57,2,2,4,5,2,2,46
49,0.242,2,6,6,7,5,8,66
71,0.242,1,1,5,8,5,8,72
40,0.242,2,6,5,6,4,8,47
39,0.712,4,9,5,5,3,2,54
28,-1.215,1,1,1,8,1,8,46
31,-0.188,2,7,5,2,4,2,48
42,-0.188,2,6,4,6,2,2,58
64,-0.57,1,1,1,5,3,6,38
57,1.267,1,7,7,6,5,8,82
49,1.267,2,9,4,7,4,1,55
32,-0.909,1,1,1,1,2,5,43
21,0.242,2,2,4,6,3,2,42
49,0.712,2,1,2,1,3,5,32
55,1.267,2,7,7,7,4,8,70
41,-0.57,4,5,3,6,2,8,54
40,0.712,2,7,6,4,3,2,40
57,0.242,2,7,5,5,2,2,69
61,0.242,5,9,3,7,1,8,77
71,0.712,2,8,5,6,5,8,75
55,0.712,1,4,7,8,2,8,86
32,0.712,1,4,4,6,3,2,44
79,-1.215,3,1,1,2,2,2,29
56,1.267,2,8,7,7,5,8,84
45,-0.188,2,4,5,8,2,8,53
35,-0.909,5,2,1,8,1,8,41
45,0.242,3,5,5,2,4,2,50
51,0.712,2,3,7,7,2,8,64
46,1.267,2,9,6,8,5,8,55
47,0.242,4,2,2,1,3,5,49
25,-0.909,1,1,1,8,2,8,42
62,1.267,1,9,7,6,3,8,68
39,0.242,2,8,5,6,3,3,50
58,0.242,2,5,7,6,4,8,76
74,1.267,2,5,6,6,4,8,61
30,0.712,1,1,4,6,3,8,21
41,-0.909,5,7,2,2,4,2,50
10,0.242,3,4,2,6,2,8,26
24,-1.485,5,1,2,1,2,3,35
52,1.267,1,9,7,8,5,8,75
54,-0.188,2,7,5,8,3,8,55
59,-0.188,1,7,6,7,2,8,62
67,1.267,2,9,7,5,4,2,65
85,-0.909,2,8,6,6,3,2,79
63,-0.188,2,4,4,6,3,8,64
57,0.242,2,7,6,7,3,8,54
35,0.242,3,8,1,2,4,2,51
58,0.712,1,1,5,6,3,8,37
57,0.712,2,6,7,6,3,8,95
57,0.712,2,4,5,7,2,2,67
46,-0.188,5,9,4,4,5,2,53
58,-0.57,2,5,2,8,2,8,60
42,-1.485,2,4,1,7,3,8,50
35,0.242,3,7,6,2,2,2,48
45,-0.188,4,6,5,6,4,8,44
65,0.242,2,8,7,8,5,8,82
36,-0.57,2,2,4,6,2,2,51
42,-1.215,2,5,6,8,2,8,61
68,1.267,1,6,6,6,4,8,86
51,0.242,3,9,4,4,4,2,74
34,-0.57,2,3,1,8,4,8,47
65,0.242,1,9,7,2,4,2,67
63,-0.188,4,9,5,1,3,2,56
36,-0.188,3,4,2,6,3,6,41
36,0.712,4,1,1,2,1,6,33
52,0.242,2,7,7,8,5,8,60
57,-0.188,2,9,7,5,3,2,72
51,0.712,2,5,6,6,3,8,73
37,-0.909,5,2,1,1,1,2,55
42,-0.57,2,7,6,7,3,8,52
40,-0.909,4,7,3,2,2,2,43
58,0.242,1,8,5,6,4,3,62
47,-1.215,2,1,1,2,3,7,25
79,-1.215,2,1,3,2,2,7,26
48,-0.188,1,2,4,7,4,8,45
56,-1.215,1,9,4,2,2,2,38
47,0.242,4,9,5,6,5,2,57
65,1.267,3,8,4,2,5,2,49
49,0.712,1,2,5,7,3,8,64
54,0.712,2,4,6,8,3,3,72
85,0.242,2,7,6,8,3,8,88
57,0.712,2,8,6,8,5,1,72
42,-0.909,2,5,3,6,4,7,51
56,-0.188,2,6,6,6,4,8,62
66,-0.188,4,8,4,1,3,2,66
30,-0.57,2,1,1,2,2,3,41
52,0.242,2,6,3,1,3,2,45
73,0.712,2,7,4,2,3,2,72
48,0.242,2,4,7,8,2,8,75
43,-0.188,2,2,3,6,2,8,47
54,-0.57,4,7,5,1,2,2,78
69,-0.909,1,1,1,3,3,3,35
63,0.712,2,9,7,5,4,1,60
40,0.712,1,1,2,8,3,6,37
47,0.712,2,9,6,8,5,8,57
47,-1.215,2,3,5,7,1,8,60
53,1.267,2,9,6,8,5,8,69
54,-0.188,2,9,7,2,5,2,86
85,-0.188,4,9,7,2,5,2,86
42,-0.57,2,3,1,2,2,2,28
45,0.242,1,7,5,6,5,2,32
58,0.712,2,3,7,8,3,8,62
53,-1.215,2,2,5,8,2,8,78
54,-0.57,5,4,3,8,3,8,36
55,0.242,1,3,7,8,2,8,60
41,-0.909,3,2,4,7,2,2,52
53,0.712,2,7,5,6,5,8,60
51,-0.909,2,4,3,6,3,8,50
50,-0.188,1,1,7,8,5,8,57
48,1.267,2,7,4,6,4,8,67
55,-0.188,2,6,4,6,4,1,61
73,-0.909,1,1,1,2,2,7,31
42,1.267,2,8,4,6,2,8,55
43,0.242,5,6,3,2,5,2,56
40,0.242,4,5,3,8,1,8,49
57,-0.57,2,8,7,8,5,8,66
45,0.712,3,7,3,8,2,8,57
47,-0.57,1,4,4,3,5,2,44
42,0.712,1,2,5,8,3,8,53
73,0.242,4,8,5,1,4,7,49
42,-0.909,4,1,4,2,3,4,24
41,0.712,2,6,5,6,4,7,45
56,0.712,2,7,6,7,5,8,78
41,0.242,4,8,6,3,4,2,61
42,1.267,3,8,6,2,4,2,55
67,-0.188,1,1,6,6,3,8,51
56,-0.909,2,5,7,8,2,8,79
64,-0.909,5,1,1,2,2,4,53
57,0.712,4,9,7,2,4,2,68
30,-0.57,1,7,3,6,3,2,22
85,1.267,2,7,6,8,4,8,67
77,0.712,2,9,5,6,4,2,88
50,-0.57,2,4,4,8,3,8,52
69,-1.485,1,8,7,8,5,8,65
54,1.267,2,6,5,8,3,8,83
49,-0.188,3,5,2,1,3,2,44
41,-0.909,5,3,3,1,1,3,55
37,-0.57,2,7,1,6,3,4,56
60,1.267,3,7,6,8,2,8,67
43,0.242,2,6,5,6,5,1,57
51,1.267,2,8,5,8,5,8,62
54,0.242,2,7,4,2,3,3,53
79,-0.57,3,1,5,2,3,7,86
40,-1.485,2,2,3,2,1,5,42
58,-1.215,5,9,6,1,4,2,66
59,-1.485,5,4,5,2,2,2,54
42,-0.188,4,2,2,2,3,2,39
45,-0.909,2,2,5,8,1,8,59
62,-0.57,2,6,7,8,5,8,75
55,-0.188,5,3,3,2,2,4,50
44,-1.485,1,3,4,2,2,7,62
39,-1.215,4,1,1,2,1,2,48
40,1.267,3,8,5,1,3,5,58
42,-1.215,3,6,2,2,2,2,49
47,-0.188,1,6,6,2,5,2,50
38,0.242,1,5,4,3,4,2,59
49,-1.215,2,8,4,3,5,2,41
61,-0.57,4,1,3,2,2,1,57
69,0.242,1,4,7,5,4,8,79
38,-0.188,2,4,4,2,5,2,59
42,-0.57,3,1,2,4,3,2,28
42,-1.485,1,1,1,2,2,7,49
48,-0.909,5,7,2,3,4,2,35
36,-1.215,3,1,3,2,3,2,49
35,-0.188,1,5,3,2,5,2,56
51,-1.215,4,1,1,1,2,3,64
53,0.712,2,7,4,2,4,2,57
58,0.242,1,6,5,3,4,2,71
53,-1.713,5,1,4,2,1,6,39
66,-1.713,1,1,2,4,1,5,30
60,-0.188,2,4,3,6,2,8,85
67,1.267,1,5,4,6,4,8,59
75,0.712,2,9,7,5,4,8,64
69,-0.57,2,4,3,3,3,2,50
29,-1.713,1,1,3,6,2,3,59
40,-0.57,3,7,5,5,1,3,55
51,0.242,1,8,5,5,3,2,51
44,-0.57,2,1,4,6,2,8,49
63,-0.909,3,9,6,5,3,2,69
50,-0.188,2,4,5,4,2,2,57
51,-0.57,5,8,3,1,2,3,62
39,-0.188,1,2,3,4,1,2,51
85,-0.909,1,5,6,5,3,2,60
53,0.712,2,2,3,5,3,2,56
48,-1.215,1,6,4,2,4,2,61
69,-1.215,1,7,5,3,3,2,56
51,0.712,3,5,3,2,4,2,47
40,-1.485,4,1,1,3,2,6,22
65,-0.57,5,8,2,4,3,4,62
41,-0.909,1,1,2,2,2,7,54
46,0.242,5,9,6,3,5,2,57
42,-1.485,4,7,2,3,5,2,55
59,0.242,1,8,4,5,3,8,56
57,-0.188,2,8,5,3,5,2,51
50,-0.57,1,4,3,6,2,8,49
66,-0.57,1,3,2,2,5,2,55
43,-0.909,3,2,5,2,4,5,46
39,-0.188,2,6,4,2,3,2,52
71,-1.215,2,1,3,1,3,5,30
57,0.712,3,5,7,7,2,8,84
30,-0.188,5,7,1,2,3,2,20
63,-0.909,5,3,3,2,5,2,36
24,0.242,1,7,2,5,4,2,29
46,-0.188,2,8,4,6,3,8,52
79,-1.713,2,2,4,1,2,2,26
42,-1.215,3,1,3,3,5,3,49
48,0.712,1,4,4,2,5,2,61
46,0.712,2,7,5,2,4,7,65
37,-0.909,1,1,2,5,3,6,46
52,-1.713,2,8,4,2,3,2,58
71,-1.485,4,7,3,3,3,2,72
38,-0.188,1,3,2,3,4,2,41
85,-1.485,1,2,3,3,2,2,86
47,0.712,5,7,4,1,1,2,61
52,-1.215,5,8,4,5,2,1,51
50,-1.485,2,5,3,2,5,2,45
66,0.712,1,8,4,6,5,8,70
54,0.712,2,9,3,6,5,2,61
55,1.267,5,9,6,4,4,3,59
65,0.712,1,5,3,3,4,2,59
38,-0.909,5,1,5,1,3,2,62
70,0.242,1,1,3,2,2,2,52
57,1.267,1,5,6,7,3,8,65
52,-0.909,4,1,1,3,3,2,39
22,-0.188,2,2,5,7,2,8,25
48,-0.57,1,3,1,2,2,4,55
58,-1.485,2,1,2,5,2,6,23
32,-0.188,5,6,1,3,4,3,27
51,-0.57,1,1,4,3,2,1,52
37,0.242,2,9,5,7,5,2,67
52,-0.57,5,7,6,3,5,2,57
77,-1.215,3,1,2,2,2,5,42
44,-1.215,2,8,5,2,4,2,51
43,-1.215,2,1,1,6,2,6,55
57,0.242,1,9,5,5,5,1,71
51,-0.909,3,3,6,5,1,8,65
40,-0.909,2,3,4,8,2,8,51
63,0.712,1,9,4,5,4,2,59
42,-0.57,5,6,1,4,4,7,36
76,-1.215,2,1,4,4,2,4,51
46,-0.57,2,8,2,5,3,8,45
37,0.242,3,5,5,2,2,1,64
63,-0.57,2,4,6,3,3,1,60
40,-1.485,2,2,1,2,3,5,34
59,0.712,4,3,3,2,3,2,25
42,-1.9,3,1,1,2,3,6,40
41,-1.485,2,3,1,5,2,2,48
24,0.242,2,5,3,6,2,8,40
51,-1.713,1,1,3,1,2,5,44
28,-0.57,1,1,2,5,1,6,38
65,-0.909,2,6,2,2,3,3,35
62,-0.57,1,3,6,3,4,2,55
29,-0.909,3,1,3,2,2,7,58
85,1.267,2,7,5,7,5,3,79
44,-0.57,1,1,4,6,3,8,53
41,-1.215,5,3,4,5,2,4,32
42,-0.57,1,1,3,5,4,8,49
40,0.712,4,7,4,6,3,6,55
42,-1.9,2,3,3,2,3,5,49
50,0.242,1,9,6,6,4,3,56
42,-1.713,2,1,1,3,2,7,39
46,-1.215,4,6,4,3,3,2,50
39,-0.188,2,5,3,2,5,2,53
79,-1.485,1,1,2,3,3,2,26
41,-0.909,5,5,5,6,3,2,53
47,-1.215,2,6,2,2,3,3,45
49,-0.909,4,4,2,1,2,5,55
37,-1.215,5,4,1,2,2,6,42
85,-0.57,3,3,2,5,2,8,26
33,-1.215,2,1,3,7,2,1,44
33,-0.188,5,1,2,3,1,7,45
42,1.267,4,9,7,4,4,2,50
45,0.242,2,1,1,3,4,3,37
61,0.242,2,9,7,5,5,8,68
46,0.242,1,1,3,4,1,2,53
42,-0.909,4,1,1,5,2,8,48
60,-1.215,2,2,4,5,2,6,45
35,-0.188,2,5,5,6,3,2,52
29,-1.215,4,2,1,1,3,7,46
39,-1.485,1,2,4,6,2,8,57
61,-0.188,4,9,5,5,5,2,61
44,0.242,1,2,6,8,3,8,60
46,-0.909,2,8,6,6,3,8,53
41,0.242,3,4,3,4,5,2,51
44,-0.909,4,4,2,7,3,8,47
29,-0.188,5,2,1,3,4,3,20
26,0.242,2,7,1,5,3,3,43
38,-0.57,5,1,2,3,2,2,32
58,0.712,5,8,6,2,4,2,63
38,-0.188,4,5,4,2,4,2,43
51,0.242,3,8,5,5,3,8,60
57,1.267,1,6,7,6,2,1,72
35,-0.188,1,3,1,3,3,2,52
33,-1.215,5,1,1,4,1,8,52
56,-0.57,2,4,3,2,5,2,52
40,-0.57,5,8,5,3,4,2,55
59,-1.713,1,4,3,6,3,8,60
69,-1.215,2,8,5,5,4,8,61
59,1.267,2,2,3,2,4,3,44
51,0.712,3,6,4,5,3,8,55
46,-1.485,4,1,1,2,2,7,38
26,-0.57,2,1,1,5,1,5,20
51,0.242,4,1,3,2,3,4,55
65,-0.57,1,1,1,5,2,6,34
46,-0.57,4,8,3,2,4,4,63
79,-0.57,3,3,1,6,2,8,31
39,-1.215,1,1,2,3,2,6,48
46,0.242,3,9,6,5,3,1,66
44,-0.188,2,9,5,1,3,5,58
57,-0.909,5,1,3,1,2,3,47
46,-0.188,4,8,4,3,3,2,55
38,-0.188,2,3,5,6,3,2,49
57,-1.485,4,1,1,5,3,6,34
28,-0.188,5,4,3,6,1,1,51
49,-1.485,2,3,3,6,3,8,46
43,-0.57,1,1,1,6,3,6,48
52,1.267,2,9,5,5,5,2,60
47,-0.188,2,7,6,6,2,2,70
25,-0.188,2,9,3,2,3,2,42
56,0.242,2,9,5,6,5,8,73
46,-0.909,1,3,3,5,2,2,49
36,0.712,3,7,6,4,2,2,45
58,-0.57,2,5,1,6,3,8,66
36,0.242,2,3,6,5,4,2,40
54,1.267,4,7,5,5,3,2,73
38,-0.188,4,7,4,3,2,4,50
76,-1.215,3,1,2,1,2,3,17
45,0.242,3,1,1,1,3,2,44
50,1.267,2,6,5,7,3,8,63
53,-1.215,5,4,3,4,1,1,54
69,0.712,5,3,4,2,3,4,50
44,-1.215,1,1,3,4,2,3,57
58,-0.57,5,2,4,5,3,2,25
48,-1.485,5,2,5,3,1,2,55
42,-0.57,2,5,2,1,3,5,49
54,-0.57,1,5,6,6,5,4,86
42,-0.188,1,4,4,5,1,2,52
36,-0.188,2,2,3,4,3,1,43
41,0.712,3,9,4,4,5,2,49
37,-0.909,2,1,3,4,2,3,46
38,-1.713,5,1,1,3,1,2,62
42,-1.215,4,3,5,4,3,2,57
40,0.242,2,8,7,4,5,2,44
41,-1.485,3,1,1,6,2,8,18
53,0.712,1,8,4,4,5,2,53
79,-1.215,2,1,2,2,2,5,26
43,-0.909,1,1,1,6,2,6,50
45,-1.215,5,3,5,3,2,2,60
33,-0.57,5,4,2,2,3,2,29
58,-1.485,3,9,3,4,3,5,66
70,0.712,5,1,5,4,4,2,58
42,0.242,4,7,5,3,5,2,58
35,-0.909,2,7,2,4,3,2,45
19,-0.57,1,1,1,6,4,6,30
58,-0.57,2,2,2,5,2,7,46
85,0.242,4,7,7,3,4,2,66
50,-0.188,5,8,3,4,5,2,52
41,0.712,2,4,4,4,2,2,46
54,-0.909,5,3,3,3,3,2,14
42,-1.485,3,6,1,2,3,6,43
28,-0.57,2,5,3,3,3,2,47
47,-0.188,3,6,4,3,4,2,55
27,-1.713,2,3,1,3,2,2,19
55,-1.215,3,2,3,6,1,8,46
57,0.242,2,4,4,1,3,5,58
18,-1.215,3,1,1,2,3,3,20
82,-1.485,5,4,3,1,3,2,66
22,-0.909,1,3,1,5,3,2,32
82,-0.909,3,7,3,3,3,2,51
64,-1.215,1,2,3,4,2,4,64
51,0.242,1,3,6,7,2,8,67
54,-0.57,1,4,1,6,2,8,57
47,-1.9,5,1,3,2,2,2,47
42,0.242,4,7,5,3,3,2,55
54,0.712,2,8,5,6,4,8,56
44,-0.57,5,2,4,2,3,2,54
42,-0.57,3,6,3,5,2,2,44
54,-0.188,1,6,4,2,2,2,60
36,-1.485,4,2,2,2,3,2,49
43,-1.485,5,2,2,2,2,2,21
56,-1.485,5,2,1,1,1,7,33
26,-1.215,2,1,3,4,1,6,50
52,-0.57,2,2,1,3,2,2,58
47,-1.485,4,4,1,3,4,2,56
41,-1.215,1,4,4,6,3,8,52
63,1.267,2,9,7,4,5,4,63
35,-0.909,3,7,3,2,5,2,26
57,-0.909,2,7,3,2,5,1,56
31,-0.909,5,1,1,3,2,4,22
53,-0.57,2,5,4,4,3,7,54
42,-0.188,2,2,4,4,4,2,33
52,-1.215,5,6,2,1,4,4,58
40,-0.57,2,7,5,2,4,3,56
56,-1.215,2,3,3,2,3,3,29
37,-1.215,5,2,3,4,1,4,51
68,-1.215,4,1,3,4,3,2,61
70,-1.713,4,1,3,2,2,1,57
40,-0.188,3,3,4,6,4,8,55
44,0.712,1,1,2,3,4,3,33
45,-1.485,2,1,1,2,1,1,40
55,-0.188,2,7,5,6,3,2,65
50,0.242,3,4,4,2,5,2,41
64,0.712,1,8,6,6,5,1,70
47,1.267,5,7,3,2,4,3,39
47,-0.188,5,9,4,5,4,2,60
70,-0.909,2,1,3,5,1,8,64
64,-1.215,5,3,5,3,4,3,46
45,-0.909,5,7,5,3,3,2,55
42,-0.188,2,7,3,7,5,8,56
49,-0.57,2,2,1,6,3,8,59
31,-0.188,5,3,1,5,1,7,29
42,0.712,5,6,3,3,3,2,46
61,-0.57,2,7,3,4,3,6,37
56,1.267,2,9,7,8,5,8,80
85,-0.909,4,8,4,5,4,2,65
85,0.712,3,9,7,4,5,4,83
43,-1.215,1,8,3,6,2,6,52
50,0.712,4,3,2,3,3,5,23
49,0.242,4,7,5,4,3,2,56
64,0.242,2,6,4,5,4,2,61
31,-1.485,1,1,2,3,3,2,36
22,-1.215,1,1,2,8,2,8,49
36,-0.909,5,2,1,2,3,2,40
40,-1.215,4,1,4,2,2,3,50
44,0.242,1,3,4,2,4,2,47
54,0.242,2,6,4,3,5,2,45
67,0.712,3,9,5,4,5,2,69
49,0.242,3,7,3,4,5,2,47
47,-0.57,1,5,3,3,4,2,33
48,-0.57,2,2,3,7,3,6,51
45,-1.215,3,7,4,4,2,2,43
29,-0.57,3,6,2,3,2,2,55
51,0.712,2,9,5,4,3,2,58
46,0.242,3,3,2,2,1,2,36
44,-1.485,2,1,1,3,1,1,26
54,-1.9,1,2,1,6,1,6,48
47,-0.57,5,8,5,4,4,2,54
35,-1.485,4,2,3,2,2,4,48
26,-0.909,2,8,3,4,2,2,62
50,-0.188,2,6,4,6,3,8,58
41,-0.909,4,8,1,3,3,4,50
51,-0.188,4,7,5,8,4,8,60
47,-0.57,2,1,3,4,3,6,30
49,-0.188,4,4,4,2,3,3,47
44,-1.215,5,7,3,3,2,4,52
51,-0.188,3,6,1,3,4,6,43
45,0.712,5,8,3,1,3,5,43
55,0.242,2,5,5,2,3,2,54
63,0.712,5,9,4,3,5,2,86
79,-0.909,2,1,1,1,3,4,26
55,0.712,2,8,7,4,3,2,68
36,-0.188,3,8,5,3,3,2,68
52,-0.909,4,3,1,3,3,4,49
60,0.242,2,6,4,6,4,8,58
38,-0.188,5,2,3,4,3,2,30
38,-0.57,1,6,3,4,5,2,44
46,-0.188,4,7,4,5,3,2,49
27,-1.215,1,4,2,1,3,2,28
43,-1.215,1,3,1,3,3,1,40
41,0.242,3,2,5,3,2,2,52
40,1.267,3,7,6,5,3,2,54
31,-1.713,1,1,1,5,1,8,32
66,-1.215,1,1,2,5,1,6,50
55,-0.909,2,7,5,5,4,3,60
50,1.267,2,7,5,7,3,3,45
45,-1.485,5,3,1,2,1,4,44
47,1.267,3,9,3,7,5,8,61
51,-1.215,2,9,6,2,5,2,59
42,-1.215,4,4,2,3,5,2,49
